row_index,item_id,item_id_hex,type_class,weight_raw,weight,is_current_armor,catalog_known,name,catalog_major,catalog_minor,catalog_group,planner_candidate,req_body,req_body_aux,req_body_raw_u16,req_heart,req_heart_aux,req_heart_raw_u16,req_stamina,req_stamina_aux,req_stamina_raw_u16,req_strength,req_strength_aux,req_strength_raw_u16,req_skill,req_skill_aux,req_skill_raw_u16
608,40683,0x9EEB,28,66,6.6,True,True,世嗣中铠　胸甲,防具,身体,武士防具,True,5,2,517,0,0,0,0,0,0,5,2,517,0,0,0
609,7476,0x1D34,31,33,3.3,True,True,世嗣中铠　臂甲,防具,手臂,武士防具,True,5,2,517,0,0,0,0,0,0,5,2,517,0,0,0
610,16118,0x3EF6,34,50,5.0,True,True,世嗣中铠　膝甲,防具,腿部,武士防具,True,5,2,517,0,0,0,0,0,0,5,2,517,0,0,0
611,49958,0xC326,37,33,3.3,True,True,世嗣中铠　腿甲,防具,足部,武士防具,True,5,2,517,0,0,0,0,0,0,5,2,517,0,0,0
612,43657,0xAA89,25,6,0.6,True,True,世嗣忍者装束　护额,防具,头部,忍者防具,True,5,2,517,0,0,0,0,0,0,0,2,512,5,0,5
613,56774,0xDDC6,28,12,1.2,True,True,世嗣忍者装束　上衣,防具,身体,忍者防具,True,5,2,517,0,0,0,0,0,0,0,2,512,5,0,5
614,6760,0x1A68,31,6,0.6,True,True,世嗣忍者装束　臂甲,防具,手臂,忍者防具,True,5,2,517,0,0,0,0,0,0,0,2,512,5,0,5
615,33382,0x8266,34,9,0.9,True,True,世嗣忍者装束　膝甲,防具,腿部,忍者防具,True,5,2,517,0,0,0,0,0,0,0,2,512,5,0,5
616,15704,0x3D58,37,6,0.6,True,True,世嗣忍者装束　腿甲,防具,足部,忍者防具,True,5,2,517,0,0,0,0,0,0,0,2,512,5,0,5
617,55715,0xD9A3,28,74,7.4,True,True,弟君锦衣　上衣,防具,身体,武士防具,True,13,2,525,0,0,0,0,0,0,12,2,524,0,0,0
618,12913,0x3271,37,37,3.7,True,True,弟君锦衣　足履,防具,足部,武士防具,True,13,2,525,0,0,0,0,0,0,12,2,524,0,0,0
619,3867,0x0F1B,34,56,5.6,True,True,弟君锦衣　裤裙,防具,腿部,武士防具,True,13,2,525,0,0,0,0,0,0,12,2,524,0,0,0
620,55109,0xD745,31,8,0.8,True,True,凶王之衣　臂甲,防具,手臂,忍者防具,True,19,2,531,0,0,0,0,0,0,0,2,512,20,0,20
621,17223,0x4347,25,8,0.8,True,True,凶王之衣　头冠,防具,头部,忍者防具,True,19,2,531,0,0,0,0,0,0,0,2,512,20,0,20
622,34760,0x87C8,28,16,1.6,True,True,凶王之衣　项链,防具,身体,忍者防具,True,19,2,531,0,0,0,0,0,0,0,2,512,20,0,20
623,47260,0xB89C,37,8,0.8,True,True,凶王之衣　足履,防具,足部,忍者防具,True,19,2,531,0,0,0,0,0,0,0,2,512,20,0,20
624,64249,0xFAF9,34,12,1.2,True,True,凶王之衣　下衣,防具,腿部,忍者防具,True,19,2,531,0,0,0,0,0,0,0,2,512,20,0,20
625,52396,0xCCAC,31,54,5.4,True,True,甲斐之虎铠甲　臂甲,防具,手臂,武士防具,True,0,2,512,0,0,0,8,0,8,10,2,522,0,0,0
626,62889,0xF5A9,25,54,5.4,True,True,甲斐之虎铠甲　头盔,防具,头部,武士防具,True,0,2,512,0,0,0,8,0,8,10,2,522,0,0,0
627,56225,0xDBA1,28,108,10.8,True,True,甲斐之虎铠甲　胸甲,防具,身体,武士防具,True,0,2,512,0,0,0,8,0,8,10,2,522,0,0,0
628,25778,0x64B2,37,54,5.4,True,True,甲斐之虎铠甲　腿甲,防具,足部,武士防具,True,0,2,512,0,0,0,8,0,8,10,2,522,0,0,0
629,26656,0x6820,34,81,8.1,True,True,甲斐之虎铠甲　膝甲,防具,腿部,武士防具,True,0,2,512,0,0,0,8,0,8,10,2,522,0,0,0
630,18743,0x4937,31,37,3.7,True,True,大义之铠　臂甲,防具,手臂,武士防具,True,7,2,519,0,0,0,0,0,0,10,2,522,0,0,0
631,42340,0xA564,25,37,3.7,True,True,大义之铠　头盔,防具,头部,武士防具,True,7,2,519,0,0,0,0,0,0,10,2,522,0,0,0
632,7557,0x1D85,28,74,7.4,True,True,大义之铠　胸甲,防具,身体,武士防具,True,7,2,519,0,0,0,0,0,0,10,2,522,0,0,0
633,61631,0xF0BF,37,37,3.7,True,True,大义之铠　腿甲,防具,足部,武士防具,True,7,2,519,0,0,0,0,0,0,10,2,522,0,0,0
634,52988,0xCEFC,34,56,5.6,True,True,大义之铠　膝甲,防具,腿部,武士防具,True,7,2,519,0,0,0,0,0,0,10,2,522,0,0,0
635,33701,0x83A5,31,18,1.8,True,True,第一队队长队服　袖套,防具,手臂,武士防具,True,18,2,530,0,0,0,0,0,0,0,2,512,17,0,17
636,26511,0x678F,25,18,1.8,True,True,第一队队长队服　护额,防具,头部,武士防具,True,18,2,530,0,0,0,0,0,0,0,2,512,17,0,17
637,5213,0x145D,28,36,3.6,True,True,第一队队长队服　羽织,防具,身体,武士防具,True,18,2,530,0,0,0,0,0,0,0,2,512,17,0,17
638,14806,0x39D6,37,18,1.8,True,True,第一队队长队服　足履,防具,足部,武士防具,True,18,2,530,0,0,0,0,0,0,0,2,512,17,0,17
639,62793,0xF549,34,27,2.7,True,True,第一队队长队服　裤裙,防具,腿部,武士防具,True,18,2,530,0,0,0,0,0,0,0,2,512,17,0,17
640,22256,0x56F0,31,35,3.5,True,True,九郎判官之铠　臂甲,防具,手臂,武士防具,True,12,2,524,0,0,0,0,0,0,12,2,524,0,0,0
641,38010,0x947A,25,35,3.5,True,True,九郎判官之铠　头盔,防具,头部,武士防具,True,12,2,524,0,0,0,0,0,0,12,2,524,0,0,0
642,9407,0x24BF,28,70,7.0,True,True,九郎判官之铠　胸甲,防具,身体,武士防具,True,12,2,524,0,0,0,0,0,0,12,2,524,0,0,0
643,22732,0x58CC,37,35,3.5,True,True,九郎判官之铠　腿甲,防具,足部,武士防具,True,12,2,524,0,0,0,0,0,0,12,2,524,0,0,0
644,42396,0xA59C,34,53,5.3,True,True,九郎判官之铠　膝甲,防具,腿部,武士防具,True,12,2,524,0,0,0,0,0,0,12,2,524,0,0,0
645,63604,0xF874,31,54,5.4,True,True,镰仓大人之铠　弓挂,防具,手臂,武士防具,True,0,2,512,0,0,0,9,0,9,12,2,524,0,0,0
646,64803,0xFD23,25,54,5.4,True,True,镰仓大人之铠　乌帽,防具,头部,武士防具,True,0,2,512,0,0,0,9,0,9,12,2,524,0,0,0
647,51121,0xC7B1,28,108,10.8,True,True,镰仓大人之铠　胸甲,防具,身体,武士防具,True,0,2,512,0,0,0,9,0,9,12,2,524,0,0,0
648,13502,0x34BE,37,54,5.4,True,True,镰仓大人之铠　腿甲,防具,足部,武士防具,True,0,2,512,0,0,0,9,0,9,12,2,524,0,0,0
649,63451,0xF7DB,34,81,8.1,True,True,镰仓大人之铠　膝甲,防具,腿部,武士防具,True,0,2,512,0,0,0,9,0,9,12,2,524,0,0,0
650,61166,0xEEEE,31,18,1.8,True,True,奇兵队长装束　臂甲,防具,手臂,忍者防具,True,0,2,512,0,0,0,16,0,16,0,2,512,17,0,17
651,10518,0x2916,28,36,3.6,True,True,奇兵队长装束　上衣,防具,身体,忍者防具,True,0,2,512,0,0,0,16,0,16,0,2,512,17,0,17
652,55585,0xD921,37,18,1.8,True,True,奇兵队长装束　腿甲,防具,足部,忍者防具,True,0,2,512,0,0,0,16,0,16,0,2,512,17,0,17
653,32609,0x7F61,34,27,2.7,True,True,奇兵队长装束　下衣,防具,腿部,忍者防具,True,0,2,512,0,0,0,16,0,16,0,2,512,17,0,17
654,60084,0xEAB4,31,16,1.6,True,True,剑术无双之衣　臂甲,防具,手臂,武士防具,True,13,2,525,0,0,0,0,0,0,0,2,512,12,0,12
655,21860,0x5564,28,32,3.2,True,True,剑术无双之衣　肩衣,防具,身体,武士防具,True,13,2,525,0,0,0,0,0,0,0,2,512,12,0,12
656,46865,0xB711,37,16,1.6,True,True,剑术无双之衣　足履,防具,足部,武士防具,True,13,2,525,0,0,0,0,0,0,0,2,512,12,0,12
657,53685,0xD1B5,34,24,2.4,True,True,剑术无双之衣　裤裙,防具,腿部,武士防具,True,13,2,525,0,0,0,0,0,0,0,2,512,12,0,12
658,3294,0x0CDE,31,40,4.0,True,True,葵纹之铠　臂甲,防具,手臂,武士防具,True,14,2,526,0,0,0,0,0,0,19,2,531,0,0,0
659,16537,0x4099,28,80,8.0,True,True,葵纹之铠　胸甲,防具,身体,武士防具,True,14,2,526,0,0,0,0,0,0,19,2,531,0,0,0
660,21969,0x55D1,37,40,4.0,True,True,葵纹之铠　靴子,防具,足部,武士防具,True,14,2,526,0,0,0,0,0,0,19,2,531,0,0,0
661,37625,0x92F9,34,60,6.0,True,True,葵纹之铠　裙裤,防具,腿部,武士防具,True,14,2,526,0,0,0,0,0,0,19,2,531,0,0,0
662,18054,0x4686,26,49,4.9,True,True,赤备大将大铠　头盔,防具,头部,武士防具,True,0,2,512,0,0,0,6,0,6,5,2,517,0,0,0
663,48648,0xBE08,29,98,9.8,True,True,赤备大将大铠　胸甲,防具,身体,武士防具,True,0,2,512,0,0,0,6,0,6,5,2,517,0,0,0
664,14835,0x39F3,32,49,4.9,True,True,赤备大将大铠　臂甲,防具,手臂,武士防具,True,0,2,512,0,0,0,6,0,6,5,2,517,0,0,0
665,9847,0x2677,35,74,7.4,True,True,赤备大将大铠　膝甲,防具,腿部,武士防具,True,0,2,512,0,0,0,6,0,6,5,2,517,0,0,0
666,63580,0xF85C,38,49,4.9,True,True,赤备大将大铠　腿甲,防具,足部,武士防具,True,0,2,512,0,0,0,6,0,6,5,2,517,0,0,0
667,64432,0xFBB0,25,8,0.8,True,True,幕府军装束　阵笠,防具,头部,忍者防具,True,16,2,528,0,0,0,0,0,0,0,2,512,16,0,16
668,6914,0x1B02,28,16,1.6,True,True,幕府军装束　上衣,防具,身体,忍者防具,True,16,2,528,0,0,0,0,0,0,0,2,512,16,0,16
669,44213,0xACB5,37,8,0.8,True,True,幕府军装束　绑腿,防具,足部,忍者防具,True,16,2,528,0,0,0,0,0,0,0,2,512,16,0,16
670,50502,0xC546,34,12,1.2,True,True,幕府军装束　裤裙,防具,腿部,忍者防具,True,16,2,528,0,0,0,0,0,0,0,2,512,16,0,16
671,63643,0xF89B,31,17,1.7,True,True,新选组队服　袖套,防具,手臂,武士防具,True,17,2,529,0,0,0,0,0,0,0,2,512,17,0,17
672,6610,0x19D2,25,17,1.7,True,True,新选组队服　护额,防具,头部,武士防具,True,17,2,529,0,0,0,0,0,0,0,2,512,17,0,17
673,32853,0x8055,28,34,3.4,True,True,新选组队服　羽织,防具,身体,武士防具,True,17,2,529,0,0,0,0,0,0,0,2,512,17,0,17
674,44748,0xAECC,37,17,1.7,True,True,新选组队服　足履,防具,足部,武士防具,True,17,2,529,0,0,0,0,0,0,0,2,512,17,0,17
675,25354,0x630A,34,26,2.6,True,True,新选组队服　裤裙,防具,腿部,武士防具,True,17,2,529,0,0,0,0,0,0,0,2,512,17,0,17
676,58419,0xE433,31,17,1.7,True,True,新选组队服　袖套,防具,手臂,武士防具,True,15,2,527,0,0,0,0,0,0,0,2,512,15,0,15
677,49106,0xBFD2,25,17,1.7,True,True,新选组队服　护额,防具,头部,武士防具,True,15,2,527,0,0,0,0,0,0,0,2,512,15,0,15
678,61160,0xEEE8,28,34,3.4,True,True,新选组队服　羽织,防具,身体,武士防具,True,15,2,527,0,0,0,0,0,0,0,2,512,15,0,15
679,48824,0xBEB8,37,17,1.7,True,True,新选组队服　足履,防具,足部,武士防具,True,15,2,527,0,0,0,0,0,0,0,2,512,15,0,15
680,63949,0xF9CD,34,26,2.6,True,True,新选组队服　裤裙,防具,腿部,武士防具,True,15,2,527,0,0,0,0,0,0,0,2,512,15,0,15
681,4864,0x1300,25,16,1.6,True,True,旗本之衣　阵笠,防具,头部,武士防具,True,14,2,526,0,0,0,0,0,0,0,2,512,15,0,15
682,646,0x0286,28,32,3.2,True,True,旗本之衣　肩衣,防具,身体,武士防具,True,14,2,526,0,0,0,0,0,0,0,2,512,15,0,15
683,53128,0xCF88,37,16,1.6,True,True,旗本之衣　足履,防具,足部,武士防具,True,14,2,526,0,0,0,0,0,0,0,2,512,15,0,15
684,11769,0x2DF9,34,24,2.4,True,True,旗本之衣　裤裙,防具,腿部,武士防具,True,14,2,526,0,0,0,0,0,0,0,2,512,15,0,15
685,34594,0x8722,31,18,1.8,True,True,邪马台国轻铠　臂甲,防具,手臂,忍者防具,True,0,2,512,0,0,0,13,0,13,0,2,512,18,0,18
686,56862,0xDE1E,25,18,1.8,True,True,邪马台国轻铠　头盔,防具,头部,忍者防具,True,0,2,512,0,0,0,13,0,13,0,2,512,18,0,18
687,21782,0x5516,28,36,3.6,True,True,邪马台国轻铠　胸甲,防具,身体,忍者防具,True,0,2,512,0,0,0,13,0,13,0,2,512,18,0,18
688,217,0x00D9,37,18,1.8,True,True,邪马台国轻铠　腿甲,防具,足部,忍者防具,True,0,2,512,0,0,0,13,0,13,0,2,512,18,0,18
689,60370,0xEBD2,34,27,2.7,True,True,邪马台国轻铠　下衣,防具,腿部,忍者防具,True,0,2,512,0,0,0,13,0,13,0,2,512,18,0,18
690,13847,0x3617,31,54,5.4,True,True,邪马台国之铠　臂甲,防具,手臂,武士防具,True,0,2,512,0,0,0,12,0,12,10,2,522,0,0,0
691,342,0x0156,25,54,5.4,True,True,邪马台国之铠　头盔,防具,头部,武士防具,True,0,2,512,0,0,0,12,0,12,10,2,522,0,0,0
692,4069,0x0FE5,28,108,10.8,True,True,邪马台国之铠　胸甲,防具,身体,武士防具,True,0,2,512,0,0,0,12,0,12,10,2,522,0,0,0
693,16619,0x40EB,37,54,5.4,True,True,邪马台国之铠　腿甲,防具,足部,武士防具,True,0,2,512,0,0,0,12,0,12,10,2,522,0,0,0
694,62003,0xF233,34,81,8.1,True,True,邪马台国之铠　下衣,防具,腿部,武士防具,True,0,2,512,0,0,0,12,0,12,10,2,522,0,0,0
695,27862,0x6CD6,31,17,1.7,True,True,风魔头领忍者装束　臂甲,防具,手臂,忍者防具,True,0,2,512,0,0,0,6,0,6,0,2,512,8,0,8
696,31025,0x7931,25,17,1.7,True,True,风魔头领忍者装束　覆面,防具,头部,忍者防具,True,0,2,512,0,0,0,6,0,6,0,2,512,8,0,8
697,8226,0x2022,28,34,3.4,True,True,风魔头领忍者装束　上衣,防具,身体,忍者防具,True,0,2,512,0,0,0,6,0,6,0,2,512,8,0,8
698,52291,0xCC43,37,17,1.7,True,True,风魔头领忍者装束　腿甲,防具,足部,忍者防具,True,0,2,512,0,0,0,6,0,6,0,2,512,8,0,8
699,40484,0x9E24,34,26,2.6,True,True,风魔头领忍者装束　膝甲,防具,腿部,忍者防具,True,0,2,512,0,0,0,6,0,6,0,2,512,8,0,8
700,1547,0x060B,31,35,3.5,True,True,护国禅师的袈裟　袖套,防具,手臂,武士防具,True,6,2,518,0,0,0,0,0,0,5,2,517,0,0,0
701,31129,0x7999,25,35,3.5,True,True,护国禅师的袈裟　斗笠,防具,头部,武士防具,True,6,2,518,0,0,0,0,0,0,5,2,517,0,0,0
702,52372,0xCC94,28,70,7.0,True,True,护国禅师的袈裟　上衣,防具,身体,武士防具,True,6,2,518,0,0,0,0,0,0,5,2,517,0,0,0
703,38361,0x95D9,37,35,3.5,True,True,护国禅师的袈裟　绑腿,防具,足部,武士防具,True,6,2,518,0,0,0,0,0,0,5,2,517,0,0,0
704,63804,0xF93C,34,53,5.3,True,True,护国禅师的袈裟　裤裙,防具,腿部,武士防具,True,6,2,518,0,0,0,0,0,0,5,2,517,0,0,0
705,40824,0x9F78,31,51,5.1,True,True,御一门众之铠　臂甲,防具,手臂,武士防具,True,0,2,512,0,0,0,7,0,7,6,2,518,0,0,0
706,50167,0xC3F7,25,51,5.1,True,True,御一门众之铠　头盔,防具,头部,武士防具,True,0,2,512,0,0,0,7,0,7,6,2,518,0,0,0
707,23175,0x5A87,28,102,10.2,True,True,御一门众之铠　胸甲,防具,身体,武士防具,True,0,2,512,0,0,0,7,0,7,6,2,518,0,0,0
708,56888,0xDE38,37,51,5.1,True,True,御一门众之铠　腿甲,防具,足部,武士防具,True,0,2,512,0,0,0,7,0,7,6,2,518,0,0,0
709,39620,0x9AC4,34,77,7.7,True,True,御一门众之铠　膝甲,防具,腿部,武士防具,True,0,2,512,0,0,0,7,0,7,6,2,518,0,0,0
710,44351,0xAD3F,31,52,5.2,True,True,修理亮之铠　臂甲,防具,手臂,武士防具,True,0,2,512,0,0,0,9,0,9,8,2,520,0,0,0
711,53757,0xD1FD,25,52,5.2,True,True,修理亮之铠　头盔,防具,头部,武士防具,True,0,2,512,0,0,0,9,0,9,8,2,520,0,0,0
712,63493,0xF805,28,104,10.4,True,True,修理亮之铠　胸甲,防具,身体,武士防具,True,0,2,512,0,0,0,9,0,9,8,2,520,0,0,0
713,52224,0xCC00,37,52,5.2,True,True,修理亮之铠　腿甲,防具,足部,武士防具,True,0,2,512,0,0,0,9,0,9,8,2,520,0,0,0
714,6588,0x19BC,34,78,7.8,True,True,修理亮之铠　膝甲,防具,腿部,武士防具,True,0,2,512,0,0,0,9,0,9,8,2,520,0,0,0
715,19238,0x4B26,31,52,5.2,True,True,逃弹正之铠　臂甲,防具,手臂,武士防具,True,0,2,512,0,0,0,9,0,9,8,2,520,0,0,0
716,10664,0x29A8,25,52,5.2,True,True,逃弹正之铠　头盔,防具,头部,武士防具,True,0,2,512,0,0,0,9,0,9,8,2,520,0,0,0
717,12410,0x307A,28,104,10.4,True,True,逃弹正之铠　胸甲,防具,身体,武士防具,True,0,2,512,0,0,0,9,0,9,8,2,520,0,0,0
718,48975,0xBF4F,37,52,5.2,True,True,逃弹正之铠　腿甲,防具,足部,武士防具,True,0,2,512,0,0,0,9,0,9,8,2,520,0,0,0
719,65292,0xFF0C,34,78,7.8,True,True,逃弹正之铠　膝甲,防具,腿部,武士防具,True,0,2,512,0,0,0,9,0,9,8,2,520,0,0,0
720,39607,0x9AB7,26,26,2.6,True,True,万两义贼之铠　面具,防具,头部,忍者防具,True,0,2,512,0,0,0,21,0,21,0,2,512,15,0,15
721,41347,0xA183,29,52,5.2,True,True,万两义贼之铠　胸甲,防具,身体,忍者防具,True,0,2,512,0,0,0,21,0,21,0,2,512,15,0,15
722,30700,0x77EC,32,26,2.6,True,True,万两义贼之铠　臂甲,防具,手臂,忍者防具,True,0,2,512,0,0,0,21,0,21,0,2,512,15,0,15
723,55260,0xD7DC,35,39,3.9,True,True,万两义贼之铠　膝甲,防具,腿部,忍者防具,True,0,2,512,0,0,0,21,0,21,0,2,512,15,0,15
724,59942,0xEA26,38,26,2.6,True,True,万两义贼之铠　腿甲,防具,足部,忍者防具,True,0,2,512,0,0,0,21,0,21,0,2,512,15,0,15
725,24309,0x5EF5,26,26,2.6,True,True,万两义贼之铠　面具,防具,头部,忍者防具,True,0,2,512,0,0,0,21,0,21,0,2,512,15,0,15
726,61968,0xF210,29,52,5.2,True,True,万两义贼之铠　胸甲,防具,身体,忍者防具,True,0,2,512,0,0,0,21,0,21,0,2,512,15,0,15
727,1921,0x0781,32,26,2.6,True,True,万两义贼之铠　臂甲,防具,手臂,忍者防具,True,0,2,512,0,0,0,21,0,21,0,2,512,15,0,15
728,42722,0xA6E2,35,39,3.9,True,True,万两义贼之铠　膝甲,防具,腿部,忍者防具,True,0,2,512,0,0,0,21,0,21,0,2,512,15,0,15
729,14866,0x3A12,38,26,2.6,True,True,万两义贼之铠　腿甲,防具,足部,忍者防具,True,0,2,512,0,0,0,21,0,21,0,2,512,15,0,15
730,15336,0x3BE8,31,19,1.9,True,True,最后的忍者装束　臂甲,防具,手臂,忍者防具,True,0,2,512,0,0,0,15,0,15,0,2,512,19,0,19
731,62041,0xF259,25,19,1.9,True,True,最后的忍者装束　面具,防具,头部,忍者防具,True,0,2,512,0,0,0,15,0,15,0,2,512,19,0,19
732,55410,0xD872,28,38,3.8,True,True,最后的忍者装束　胸甲,防具,身体,忍者防具,True,0,2,512,0,0,0,15,0,15,0,2,512,19,0,19
733,48821,0xBEB5,37,19,1.9,True,True,最后的忍者装束　腿甲,防具,足部,忍者防具,True,0,2,512,0,0,0,15,0,15,0,2,512,19,0,19
734,2649,0x0A59,34,29,2.9,True,True,最后的忍者装束　膝甲,防具,腿部,忍者防具,True,0,2,512,0,0,0,15,0,15,0,2,512,19,0,19
735,28944,0x7110,31,17,1.7,True,True,海内无双之衣　臂甲,防具,手臂,武士防具,True,17,2,529,0,0,0,0,0,0,0,2,512,16,0,16
736,60437,0xEC15,28,34,3.4,True,True,海内无双之衣　肩衣,防具,身体,武士防具,True,17,2,529,0,0,0,0,0,0,0,2,512,16,0,16
737,52564,0xCD54,37,17,1.7,True,True,海内无双之衣　足履,防具,足部,武士防具,True,17,2,529,0,0,0,0,0,0,0,2,512,16,0,16
738,40423,0x9DE7,34,26,2.6,True,True,海内无双之衣　裤裙,防具,腿部,武士防具,True,17,2,529,0,0,0,0,0,0,0,2,512,16,0,16
739,43945,0xABA9,29,80,8.0,True,True,威光中铠　胸甲,防具,身体,武士防具,True,16,2,528,0,0,0,0,0,0,15,2,527,0,0,0
740,47660,0xBA2C,32,40,4.0,True,True,威光中铠　臂甲,防具,手臂,武士防具,True,16,2,528,0,0,0,0,0,0,15,2,527,0,0,0
741,11341,0x2C4D,35,60,6.0,True,True,威光中铠　膝甲,防具,腿部,武士防具,True,16,2,528,0,0,0,0,0,0,15,2,527,0,0,0
742,49719,0xC237,38,40,4.0,True,True,威光中铠　腿甲,防具,足部,武士防具,True,16,2,528,0,0,0,0,0,0,15,2,527,0,0,0
743,44108,0xAC4C,26,8,0.8,True,True,御庭番忍者装束　护额,防具,头部,忍者防具,True,14,2,526,0,0,0,0,0,0,0,2,512,15,0,15
744,55264,0xD7E0,29,16,1.6,True,True,御庭番忍者装束　胸甲,防具,身体,忍者防具,True,14,2,526,0,0,0,0,0,0,0,2,512,15,0,15
745,2240,0x08C0,32,8,0.8,True,True,御庭番忍者装束　臂甲,防具,手臂,忍者防具,True,14,2,526,0,0,0,0,0,0,0,2,512,15,0,15
746,51220,0xC814,35,12,1.2,True,True,御庭番忍者装束　膝甲,防具,腿部,忍者防具,True,14,2,526,0,0,0,0,0,0,0,2,512,15,0,15
747,17046,0x4296,38,8,0.8,True,True,御庭番忍者装束　腿甲,防具,足部,忍者防具,True,14,2,526,0,0,0,0,0,0,0,2,512,15,0,15
748,31867,0x7C7B,26,8,0.8,True,True,屈之装束　头巾,防具,头部,忍者防具,True,9,2,521,0,0,0,0,0,0,0,2,512,8,0,8
749,24745,0x60A9,29,16,1.6,True,True,屈之装束　上衣,防具,身体,忍者防具,True,9,2,521,0,0,0,0,0,0,0,2,512,8,0,8
750,30090,0x758A,32,8,0.8,True,True,屈之装束　臂甲,防具,手臂,忍者防具,True,9,2,521,0,0,0,0,0,0,0,2,512,8,0,8
751,35040,0x88E0,35,12,1.2,True,True,屈之装束　裤裙,防具,腿部,忍者防具,True,9,2,521,0,0,0,0,0,0,0,2,512,8,0,8
752,53837,0xD24D,38,8,0.8,True,True,屈之装束　绑腿,防具,足部,忍者防具,True,9,2,521,0,0,0,0,0,0,0,2,512,8,0,8
753,38196,0x9534,26,18,1.8,True,True,三者忍者装束　面具,防具,头部,忍者防具,True,0,2,512,0,0,0,9,0,9,0,2,512,8,0,8
754,29289,0x7269,29,36,3.6,True,True,三者忍者装束　上衣,防具,身体,忍者防具,True,0,2,512,0,0,0,9,0,9,0,2,512,8,0,8
755,64419,0xFBA3,32,18,1.8,True,True,三者忍者装束　臂甲,防具,手臂,忍者防具,True,0,2,512,0,0,0,9,0,9,0,2,512,8,0,8
756,44476,0xADBC,35,27,2.7,True,True,三者忍者装束　裤裙,防具,腿部,忍者防具,True,0,2,512,0,0,0,9,0,9,0,2,512,8,0,8
757,5739,0x166B,38,18,1.8,True,True,三者忍者装束　腿甲,防具,足部,忍者防具,True,0,2,512,0,0,0,9,0,9,0,2,512,8,0,8
758,12432,0x3090,26,24,2.4,True,True,修验者装束　头襟,防具,头部,忍者防具,True,0,2,512,0,0,0,6,0,6,0,2,512,5,0,5
759,52866,0xCE82,29,48,4.8,True,True,修验者装束　上衣,防具,身体,忍者防具,True,0,2,512,0,0,0,6,0,6,0,2,512,5,0,5
760,25617,0x6411,32,24,2.4,True,True,修验者装束　臂甲,防具,手臂,忍者防具,True,0,2,512,0,0,0,6,0,6,0,2,512,5,0,5
761,39911,0x9BE7,35,36,3.6,True,True,修验者装束　裤裙,防具,腿部,忍者防具,True,0,2,512,0,0,0,6,0,6,0,2,512,5,0,5
762,34950,0x8886,38,24,2.4,True,True,修验者装束　草鞋,防具,足部,忍者防具,True,0,2,512,0,0,0,6,0,6,0,2,512,5,0,5
763,36584,0x8EE8,26,8,0.8,True,True,水军装束　头巾,防具,头部,忍者防具,True,12,2,524,0,0,0,0,0,0,0,2,512,13,0,13
764,58890,0xE60A,29,16,1.6,True,True,水军装束　上衣,防具,身体,忍者防具,True,12,2,524,0,0,0,0,0,0,0,2,512,13,0,13
765,2665,0x0A69,32,8,0.8,True,True,水军装束　臂甲,防具,手臂,忍者防具,True,12,2,524,0,0,0,0,0,0,0,2,512,13,0,13
766,61517,0xF04D,35,12,1.2,True,True,水军装束　裤裙,防具,腿部,忍者防具,True,12,2,524,0,0,0,0,0,0,0,2,512,13,0,13
767,29450,0x730A,38,8,0.8,True,True,水军装束　腿甲,防具,足部,忍者防具,True,12,2,524,0,0,0,0,0,0,0,2,512,13,0,13
768,56361,0xDC29,26,19,1.9,True,True,射手装束　乌帽子,防具,头部,忍者防具,True,0,2,512,0,0,0,18,0,18,0,2,512,17,0,17
769,29031,0x7167,29,38,3.8,True,True,射手装束　胸甲,防具,身体,忍者防具,True,0,2,512,0,0,0,18,0,18,0,2,512,17,0,17
770,60798,0xED7E,32,19,1.9,True,True,射手装束　臂甲,防具,手臂,忍者防具,True,0,2,512,0,0,0,18,0,18,0,2,512,17,0,17
771,13827,0x3603,35,29,2.9,True,True,射手装束　膝甲,防具,腿部,忍者防具,True,0,2,512,0,0,0,18,0,18,0,2,512,17,0,17
772,43526,0xAA06,38,19,1.9,True,True,射手装束　腿甲,防具,足部,忍者防具,True,0,2,512,0,0,0,18,0,18,0,2,512,17,0,17
773,52436,0xCCD4,29,16,1.6,True,True,落难御曹司装束　胸甲,防具,身体,忍者防具,True,12,2,524,0,0,0,0,0,0,0,2,512,12,0,12
774,28630,0x6FD6,32,8,0.8,True,True,落难御曹司装束　臂甲,防具,手臂,忍者防具,True,12,2,524,0,0,0,0,0,0,0,2,512,12,0,12
775,30492,0x771C,35,12,1.2,True,True,落难御曹司装束　裤裙,防具,腿部,忍者防具,True,12,2,524,0,0,0,0,0,0,0,2,512,12,0,12
776,19698,0x4CF2,38,8,0.8,True,True,落难御曹司装束　腿甲,防具,足部,忍者防具,True,12,2,524,0,0,0,0,0,0,0,2,512,12,0,12
777,24732,0x609C,26,27,2.7,True,True,暗行忍者装束　护额,防具,头部,忍者防具,True,0,2,512,0,0,0,21,0,21,0,2,512,20,0,20
778,21408,0x53A0,29,54,5.4,True,True,暗行忍者装束　上衣,防具,身体,忍者防具,True,0,2,512,0,0,0,21,0,21,0,2,512,20,0,20
779,49828,0xC2A4,32,27,2.7,True,True,暗行忍者装束　臂甲,防具,手臂,忍者防具,True,0,2,512,0,0,0,21,0,21,0,2,512,20,0,20
780,38219,0x954B,35,41,4.1,True,True,暗行忍者装束　膝甲,防具,腿部,忍者防具,True,0,2,512,0,0,0,21,0,21,0,2,512,20,0,20
781,33321,0x8229,38,27,2.7,True,True,暗行忍者装束　腿甲,防具,足部,忍者防具,True,0,2,512,0,0,0,21,0,21,0,2,512,20,0,20
782,64221,0xFADD,26,15,1.5,True,True,游历剑士装束　头巾,防具,头部,武士防具,True,6,2,518,0,0,0,0,0,0,0,2,512,8,0,8
783,29451,0x730B,29,30,3.0,True,True,游历剑士装束　上衣,防具,身体,武士防具,True,6,2,518,0,0,0,0,0,0,0,2,512,8,0,8
784,43893,0xAB75,32,15,1.5,True,True,游历剑士装束　袖套,防具,手臂,武士防具,True,6,2,518,0,0,0,0,0,0,0,2,512,8,0,8
785,47463,0xB967,35,23,2.3,True,True,游历剑士装束　裤裙,防具,腿部,武士防具,True,6,2,518,0,0,0,0,0,0,0,2,512,8,0,8
786,50900,0xC6D4,38,15,1.5,True,True,游历剑士装束　足履,防具,足部,武士防具,True,6,2,518,0,0,0,0,0,0,0,2,512,8,0,8
787,11290,0x2C1A,31,17,1.7,True,True,霸王狙击装束　臂甲,防具,手臂,忍者防具,True,0,2,512,0,0,0,7,0,7,0,2,512,6,0,6
788,34899,0x8853,25,17,1.7,True,True,霸王狙击装束　阵笠,防具,头部,忍者防具,True,0,2,512,0,0,0,7,0,7,0,2,512,6,0,6
789,65299,0xFF13,28,34,3.4,True,True,霸王狙击装束　胸甲,防具,身体,忍者防具,True,0,2,512,0,0,0,7,0,7,0,2,512,6,0,6
790,20078,0x4E6E,37,17,1.7,True,True,霸王狙击装束　腿甲,防具,足部,忍者防具,True,0,2,512,0,0,0,7,0,7,0,2,512,6,0,6
791,5852,0x16DC,34,26,2.6,True,True,霸王狙击装束　膝甲,防具,腿部,忍者防具,True,0,2,512,0,0,0,7,0,7,0,2,512,6,0,6
792,21820,0x553C,26,26,2.6,True,True,平三之铠　面具,防具,头部,忍者防具,True,0,2,512,0,0,0,17,0,17,0,2,512,11,0,11
793,5800,0x16A8,29,52,5.2,True,True,平三之铠　胸甲,防具,身体,忍者防具,True,0,2,512,0,0,0,17,0,17,0,2,512,11,0,11
794,10319,0x284F,32,26,2.6,True,True,平三之铠　臂甲,防具,手臂,忍者防具,True,0,2,512,0,0,0,17,0,17,0,2,512,11,0,11
795,42464,0xA5E0,35,39,3.9,True,True,平三之铠　膝甲,防具,腿部,忍者防具,True,0,2,512,0,0,0,17,0,17,0,2,512,11,0,11
796,51759,0xCA2F,38,26,2.6,True,True,平三之铠　腿甲,防具,足部,忍者防具,True,0,2,512,0,0,0,17,0,17,0,2,512,11,0,11
797,49521,0xC171,26,56,5.6,True,True,木曾紫之铠　乌帽子,防具,头部,武士防具,True,0,2,512,0,0,0,15,0,15,13,2,525,0,0,0
798,7077,0x1BA5,29,112,11.2,True,True,木曾紫之铠　胸甲,防具,身体,武士防具,True,0,2,512,0,0,0,15,0,15,13,2,525,0,0,0
799,18329,0x4799,32,56,5.6,True,True,木曾紫之铠　臂甲,防具,手臂,武士防具,True,0,2,512,0,0,0,15,0,15,13,2,525,0,0,0
800,7749,0x1E45,35,84,8.4,True,True,木曾紫之铠　膝甲,防具,腿部,武士防具,True,0,2,512,0,0,0,15,0,15,13,2,525,0,0,0
801,41927,0xA3C7,38,56,5.6,True,True,木曾紫之铠　腿甲,防具,足部,武士防具,True,0,2,512,0,0,0,15,0,15,13,2,525,0,0,0
802,50753,0xC641,26,8,0.8,True,True,圣人旅装　斗笠,防具,头部,忍者防具,True,12,2,524,0,0,0,0,0,0,0,2,512,11,0,11
803,52599,0xCD77,29,16,1.6,True,True,圣人旅装　上衣,防具,身体,忍者防具,True,12,2,524,0,0,0,0,0,0,0,2,512,11,0,11
804,55239,0xD7C7,32,8,0.8,True,True,圣人旅装　臂甲,防具,手臂,忍者防具,True,12,2,524,0,0,0,0,0,0,0,2,512,11,0,11
805,53131,0xCF8B,35,12,1.2,True,True,圣人旅装　裤裙,防具,腿部,忍者防具,True,12,2,524,0,0,0,0,0,0,0,2,512,11,0,11
806,41041,0xA051,38,8,0.8,True,True,圣人旅装　草鞋,防具,足部,忍者防具,True,12,2,524,0,0,0,0,0,0,0,2,512,11,0,11
807,61249,0xEF41,26,17,1.7,True,True,西洋炮术家装束　阵笠,防具,头部,武士防具,True,18,2,530,0,0,0,0,0,0,0,2,512,19,0,19
808,34828,0x880C,29,34,3.4,True,True,西洋炮术家装束　上衣,防具,身体,武士防具,True,18,2,530,0,0,0,0,0,0,0,2,512,19,0,19
809,10311,0x2847,35,26,2.6,True,True,西洋炮术家装束　裤裙,防具,腿部,武士防具,True,18,2,530,0,0,0,0,0,0,0,2,512,19,0,19
810,13465,0x3499,38,17,1.7,True,True,西洋炮术家装束　绑腿,防具,足部,武士防具,True,18,2,530,0,0,0,0,0,0,0,2,512,19,0,19
811,48583,0xBDC7,31,27,2.7,True,True,八重垣流装束　臂甲,防具,手臂,忍者防具,True,0,2,512,0,0,0,12,0,12,0,2,512,20,0,20
812,65374,0xFF5E,25,27,2.7,True,True,八重垣流装束　面具,防具,头部,忍者防具,True,0,2,512,0,0,0,12,0,12,0,2,512,20,0,20
813,31322,0x7A5A,28,54,5.4,True,True,八重垣流装束　胸甲,防具,身体,忍者防具,True,0,2,512,0,0,0,12,0,12,0,2,512,20,0,20
814,48222,0xBC5E,37,27,2.7,True,True,八重垣流装束　腿甲,防具,足部,忍者防具,True,0,2,512,0,0,0,12,0,12,0,2,512,20,0,20
815,21574,0x5446,34,41,4.1,True,True,八重垣流装束　膝甲,防具,腿部,忍者防具,True,0,2,512,0,0,0,12,0,12,0,2,512,20,0,20
816,34001,0x84D1,31,37,3.7,True,True,御家人之铠　臂甲,防具,手臂,武士防具,True,10,2,522,0,0,0,0,0,0,9,2,521,0,0,0
817,17371,0x43DB,25,37,3.7,True,True,御家人之铠　头盔,防具,头部,武士防具,True,10,2,522,0,0,0,0,0,0,9,2,521,0,0,0
818,26048,0x65C0,28,74,7.4,True,True,御家人之铠　胸甲,防具,身体,武士防具,True,10,2,522,0,0,0,0,0,0,9,2,521,0,0,0
819,12424,0x3088,37,37,3.7,True,True,御家人之铠　腿甲,防具,足部,武士防具,True,10,2,522,0,0,0,0,0,0,9,2,521,0,0,0
820,55170,0xD782,34,56,5.6,True,True,御家人之铠　膝甲,防具,腿部,武士防具,True,10,2,522,0,0,0,0,0,0,9,2,521,0,0,0
821,12996,0x32C4,29,16,1.6,True,True,凛然装束　上衣,防具,身体,忍者防具,True,18,2,530,0,0,0,0,0,0,0,2,512,18,0,18
822,11211,0x2BCB,32,8,0.8,True,True,凛然装束　手套,防具,手臂,忍者防具,True,18,2,530,0,0,0,0,0,0,0,2,512,18,0,18
823,62237,0xF31D,35,12,1.2,True,True,凛然装束　下衣,防具,腿部,忍者防具,True,18,2,530,0,0,0,0,0,0,0,2,512,18,0,18
824,63017,0xF629,38,8,0.8,True,True,凛然装束　靴子,防具,足部,忍者防具,True,18,2,530,0,0,0,0,0,0,0,2,512,18,0,18
845,36161,0x8D41,26,38,3.8,True,True,万雷武士之铠　头盔,防具,头部,武士防具,True,5,2,517,0,0,0,0,0,0,5,2,517,0,0,0
846,5741,0x166D,29,76,7.6,True,True,万雷武士之铠　胸甲,防具,身体,武士防具,True,5,2,517,0,0,0,0,0,0,5,2,517,0,0,0
847,14721,0x3981,32,38,3.8,True,True,万雷武士之铠　臂甲,防具,手臂,武士防具,True,5,2,517,0,0,0,0,0,0,5,2,517,0,0,0
848,48451,0xBD43,35,57,5.7,True,True,万雷武士之铠　膝甲,防具,腿部,武士防具,True,5,2,517,0,0,0,0,0,0,5,2,517,0,0,0
849,7000,0x1B58,38,38,3.8,True,True,万雷武士之铠　腿甲,防具,足部,武士防具,True,5,2,517,0,0,0,0,0,0,5,2,517,0,0,0
850,50612,0xC5B4,26,18,1.8,True,True,万雷忍者装束　面具,防具,头部,忍者防具,True,0,0,0,0,0,0,5,2,517,0,0,0,5,2,517
851,38463,0x963F,29,36,3.6,True,True,万雷忍者装束　上衣,防具,身体,忍者防具,True,0,0,0,0,0,0,5,2,517,0,0,0,5,2,517
852,23201,0x5AA1,32,18,1.8,True,True,万雷忍者装束　臂甲,防具,手臂,忍者防具,True,0,0,0,0,0,0,5,2,517,0,0,0,5,2,517
853,47607,0xB9F7,35,27,2.7,True,True,万雷忍者装束　膝甲,防具,腿部,忍者防具,True,0,0,0,0,0,0,5,2,517,0,0,0,5,2,517
854,41380,0xA1A4,38,18,1.8,True,True,万雷忍者装束　腿甲,防具,足部,忍者防具,True,0,0,0,0,0,0,5,2,517,0,0,0,5,2,517
855,45919,0xB35F,31,33,3.3,True,True,黑魔法师服装（躯干防具）,防具,,忍者防具,True,5,2,517,0,0,0,0,0,0,5,2,517,0,0,0
856,55092,0xD734,31,33,3.3,True,True,托马斯·格洛弗的服装（躯干防具）,防具,,忍者防具,True,5,2,517,0,0,0,0,0,0,5,2,517,0,0,0
857,38786,0x9782,31,33,3.3,True,True,,防具,,忍者防具,False,5,2,517,0,0,0,0,0,0,5,2,517,0,0,0
858,54019,0xD303,34,50,5.0,True,True,,防具,,忍者防具,False,5,2,517,0,0,0,0,0,0,5,2,517,0,0,0
859,47427,0xB943,37,33,3.3,True,True,,防具,,忍者防具,False,5,2,517,0,0,0,0,0,0,5,2,517,0,0,0
860,51892,0xCAB4,31,33,3.3,True,True,隐形胸带（躯干防具）,防具,,忍者防具,True,5,2,517,0,0,0,0,0,0,5,2,517,0,0,0
865,44206,0xACAE,24,15,1.5,True,True,不请自来者之铠　阵笠,防具,头部,武士防具,True,5,2,517,0,0,0,0,0,0,0,0,0,6,2,518
866,22790,0x5906,27,30,3.0,True,True,不请自来者之铠　胸甲,防具,身体,武士防具,True,5,2,517,0,0,0,0,0,0,0,0,0,6,2,518
867,55243,0xD7CB,30,15,1.5,True,True,不请自来者之铠　臂甲,防具,手臂,武士防具,True,5,2,517,0,0,0,0,0,0,0,0,0,6,2,518
868,49173,0xC015,33,23,2.3,True,True,不请自来者之铠　膝甲,防具,腿部,武士防具,True,5,2,517,0,0,0,0,0,0,0,0,0,6,2,518
869,2296,0x08F8,36,15,1.5,True,True,不请自来者之铠　腿甲,防具,足部,武士防具,True,5,2,517,0,0,0,0,0,0,0,0,0,6,2,518
870,36041,0x8CC9,24,6,0.6,True,True,盗贼轻铠　面具,防具,头部,忍者防具,True,6,3,774,0,0,0,0,0,0,0,0,0,5,3,773
871,49550,0xC18E,27,12,1.2,True,True,盗贼轻铠　胸甲,防具,身体,忍者防具,True,6,3,774,0,0,0,0,0,0,0,0,0,5,3,773
872,62319,0xF36F,30,6,0.6,True,True,盗贼轻铠　臂甲,防具,手臂,忍者防具,True,6,3,774,0,0,0,0,0,0,0,0,0,5,3,773
873,7410,0x1CF2,33,9,0.9,True,True,盗贼轻铠　膝甲,防具,腿部,忍者防具,True,6,3,774,0,0,0,0,0,0,0,0,0,5,3,773
874,54101,0xD355,36,6,0.6,True,True,盗贼轻铠　腿甲,防具,足部,忍者防具,True,6,3,774,0,0,0,0,0,0,0,0,0,5,3,773
875,25169,0x6251,24,7,0.7,True,True,忍者装束　头巾,防具,头部,忍者防具,True,6,2,518,0,0,0,0,0,0,0,0,0,7,2,519
876,29340,0x729C,27,14,1.4,True,True,忍者装束　上衣,防具,身体,忍者防具,True,6,2,518,0,0,0,0,0,0,0,0,0,7,2,519
877,27618,0x6BE2,30,7,0.7,True,True,忍者装束　臂甲,防具,手臂,忍者防具,True,6,2,518,0,0,0,0,0,0,0,0,0,7,2,519
878,60000,0xEA60,33,11,1.1,True,True,忍者装束　裤裙,防具,腿部,忍者防具,True,6,2,518,0,0,0,0,0,0,0,0,0,7,2,519
879,15384,0x3C18,36,7,0.7,True,True,忍者装束　绑腿,防具,足部,忍者防具,True,6,2,518,0,0,0,0,0,0,0,0,0,7,2,519
880,47580,0xB9DC,24,8,0.8,True,True,神官净衣　头冠,防具,头部,忍者防具,True,10,2,522,0,0,0,0,0,0,0,0,0,9,2,521
881,22613,0x5855,27,16,1.6,True,True,神官净衣　狩衣,防具,身体,忍者防具,True,10,2,522,0,0,0,0,0,0,0,0,0,9,2,521
882,58683,0xE53B,30,8,0.8,True,True,神官净衣　臂甲,防具,手臂,忍者防具,True,10,2,522,0,0,0,0,0,0,0,0,0,9,2,521
883,62871,0xF597,33,12,1.2,True,True,神官净衣　裤裙,防具,腿部,忍者防具,True,10,2,522,0,0,0,0,0,0,0,0,0,9,2,521
884,52894,0xCE9E,36,8,0.8,True,True,神官净衣　足履,防具,足部,忍者防具,True,10,2,522,0,0,0,0,0,0,0,0,0,9,2,521
885,38223,0x954F,24,7,0.7,True,True,风魔忍者装束　面具,防具,头部,忍者防具,True,8,2,520,0,0,0,0,0,0,0,0,0,7,3,775
886,64577,0xFC41,27,14,1.4,True,True,风魔忍者装束　上衣,防具,身体,忍者防具,True,8,2,520,0,0,0,0,0,0,0,0,0,7,3,775
887,34395,0x865B,30,7,0.7,True,True,风魔忍者装束　臂甲,防具,手臂,忍者防具,True,8,2,520,0,0,0,0,0,0,0,0,0,7,3,775
888,3154,0x0C52,33,11,1.1,True,True,风魔忍者装束　裤裙,防具,腿部,忍者防具,True,8,2,520,0,0,0,0,0,0,0,0,0,7,3,775
889,29771,0x744B,36,7,0.7,True,True,风魔忍者装束　腿甲,防具,足部,忍者防具,True,8,2,520,0,0,0,0,0,0,0,0,0,7,3,775
890,14543,0x38CF,24,16,1.6,True,True,弓手斗笠,防具,头部,武士防具,True,9,3,777,0,0,0,0,0,0,0,0,0,9,3,777
891,27315,0x6AB3,27,32,3.2,True,True,弓手上衣,防具,身体,武士防具,True,9,3,777,0,0,0,0,0,0,0,0,0,9,3,777
892,31154,0x79B2,30,16,1.6,True,True,弓手臂甲,防具,手臂,武士防具,True,9,3,777,0,0,0,0,0,0,0,0,0,9,3,777
893,62922,0xF5CA,33,24,2.4,True,True,弓手裤裙,防具,腿部,武士防具,True,9,3,777,0,0,0,0,0,0,0,0,0,9,3,777
894,13796,0x35E4,36,16,1.6,True,True,弓手草鞋,防具,足部,武士防具,True,9,3,777,0,0,0,0,0,0,0,0,0,9,3,777
895,49225,0xC049,24,7,0.7,True,True,摆渡者装束　头巾,防具,头部,忍者防具,True,7,4,1031,0,0,0,0,0,0,0,0,0,8,3,776
896,10148,0x27A4,27,14,1.4,True,True,摆渡者装束　上衣,防具,身体,忍者防具,True,7,4,1031,0,0,0,0,0,0,0,0,0,8,3,776
897,4050,0x0FD2,30,7,0.7,True,True,摆渡者装束　臂甲,防具,手臂,忍者防具,True,7,4,1031,0,0,0,0,0,0,0,0,0,8,3,776
898,60735,0xED3F,33,11,1.1,True,True,摆渡者装束　裤裙,防具,腿部,忍者防具,True,7,4,1031,0,0,0,0,0,0,0,0,0,8,3,776
899,49788,0xC27C,36,7,0.7,True,True,摆渡者装束　腿甲,防具,足部,忍者防具,True,7,4,1031,0,0,0,0,0,0,0,0,0,8,3,776
900,26959,0x694F,24,8,0.8,True,True,山伏装束　头襟,防具,头部,忍者防具,True,10,4,1034,0,0,0,0,0,0,0,0,0,11,4,1035
901,45486,0xB1AE,27,16,1.6,True,True,山伏装束　上衣,防具,身体,忍者防具,True,10,4,1034,0,0,0,0,0,0,0,0,0,11,4,1035
902,4694,0x1256,30,8,0.8,True,True,山伏装束　臂甲,防具,手臂,忍者防具,True,10,4,1034,0,0,0,0,0,0,0,0,0,11,4,1035
903,29485,0x732D,33,12,1.2,True,True,山伏装束　裤裙,防具,腿部,忍者防具,True,10,4,1034,0,0,0,0,0,0,0,0,0,11,4,1035
904,14516,0x38B4,36,8,0.8,True,True,山伏装束　草鞋,防具,足部,忍者防具,True,10,4,1034,0,0,0,0,0,0,0,0,0,11,4,1035
905,8003,0x1F43,24,18,1.8,True,True,阴阳师狩衣　乌帽子,防具,头部,忍者防具,True,0,4,1024,0,0,0,10,0,10,0,0,0,11,5,1291
906,28727,0x7037,27,36,3.6,True,True,阴阳师狩衣　上衣,防具,身体,忍者防具,True,0,4,1024,0,0,0,10,0,10,0,0,0,11,5,1291
907,9760,0x2620,30,18,1.8,True,True,阴阳师狩衣　臂甲,防具,手臂,忍者防具,True,0,4,1024,0,0,0,10,0,10,0,0,0,11,5,1291
908,31203,0x79E3,33,27,2.7,True,True,阴阳师狩衣　裤裙,防具,腿部,忍者防具,True,0,4,1024,0,0,0,10,0,10,0,0,0,11,5,1291
909,52774,0xCE26,36,18,1.8,True,True,阴阳师狩衣　足沓,防具,足部,忍者防具,True,0,4,1024,0,0,0,10,0,10,0,0,0,11,5,1291
910,53767,0xD207,25,25,2.5,True,True,忍铠　面具,防具,头部,忍者防具,True,0,3,768,0,0,0,7,0,7,0,0,0,8,4,1032
911,62458,0xF3FA,28,50,5.0,True,True,忍铠　胸甲,防具,身体,忍者防具,True,0,3,768,0,0,0,7,0,7,0,0,0,8,4,1032
912,30031,0x754F,31,25,2.5,True,True,忍铠　臂甲,防具,手臂,忍者防具,True,0,3,768,0,0,0,7,0,7,0,0,0,8,4,1032
913,60401,0xEBF1,34,38,3.8,True,True,忍铠　膝甲,防具,腿部,忍者防具,True,0,3,768,0,0,0,7,0,7,0,0,0,8,4,1032
914,34930,0x8872,37,25,2.5,True,True,忍铠　腿甲,防具,足部,忍者防具,True,0,3,768,0,0,0,7,0,7,0,0,0,8,4,1032
915,59030,0xE696,24,8,0.8,True,True,宫司净衣　头冠,防具,头部,忍者防具,True,14,6,1550,0,0,0,0,0,0,0,0,0,13,6,1549
916,19048,0x4A68,27,16,1.6,True,True,宫司净衣　狩衣,防具,身体,忍者防具,True,14,6,1550,0,0,0,0,0,0,0,0,0,13,6,1549
917,58906,0xE61A,30,8,0.8,True,True,宫司净衣　臂甲,防具,手臂,忍者防具,True,14,6,1550,0,0,0,0,0,0,0,0,0,13,6,1549
918,44502,0xADD6,33,12,1.2,True,True,宫司净衣　裤裙,防具,腿部,忍者防具,True,14,6,1550,0,0,0,0,0,0,0,0,0,13,6,1549
919,51081,0xC789,36,8,0.8,True,True,宫司净衣　足履,防具,足部,忍者防具,True,14,6,1550,0,0,0,0,0,0,0,0,0,13,6,1549
920,63286,0xF736,24,8,0.8,True,True,鸢加藤忍衣　覆面,防具,头部,忍者防具,True,16,7,1808,0,0,0,0,0,0,0,0,0,15,8,2063
921,42344,0xA568,27,16,1.6,True,True,鸢加藤忍衣　上衣,防具,身体,忍者防具,True,16,7,1808,0,0,0,0,0,0,0,0,0,15,8,2063
922,65042,0xFE12,30,8,0.8,True,True,鸢加藤忍衣　臂甲,防具,手臂,忍者防具,True,16,7,1808,0,0,0,0,0,0,0,0,0,15,8,2063
923,63666,0xF8B2,33,12,1.2,True,True,鸢加藤忍衣　膝甲,防具,腿部,忍者防具,True,16,7,1808,0,0,0,0,0,0,0,0,0,15,8,2063
924,25087,0x61FF,36,8,0.8,True,True,鸢加藤忍衣　腿甲,防具,足部,忍者防具,True,16,7,1808,0,0,0,0,0,0,0,0,0,15,8,2063
925,50645,0xC5D5,24,7,0.7,True,True,伊贺上忍装束　护额,防具,头部,忍者防具,True,8,8,2056,0,0,0,0,0,0,0,0,0,9,8,2057
926,47895,0xBB17,27,14,1.4,True,True,伊贺上忍装束　胸甲,防具,身体,忍者防具,True,8,8,2056,0,0,0,0,0,0,0,0,0,9,8,2057
927,10406,0x28A6,30,7,0.7,True,True,伊贺上忍装束　臂甲,防具,手臂,忍者防具,True,8,8,2056,0,0,0,0,0,0,0,0,0,9,8,2057
928,43843,0xAB43,33,11,1.1,True,True,伊贺上忍装束　膝甲,防具,腿部,忍者防具,True,8,8,2056,0,0,0,0,0,0,0,0,0,9,8,2057
929,49138,0xBFF2,36,7,0.7,True,True,伊贺上忍装束　腿甲,防具,足部,忍者防具,True,8,8,2056,0,0,0,0,0,0,0,0,0,9,8,2057
930,15593,0x3CE9,24,8,0.8,True,True,袖神之铠　乌帽子,防具,头部,忍者防具,True,10,8,2058,0,0,0,0,0,0,0,0,0,10,9,2314
931,17591,0x44B7,27,16,1.6,True,True,袖神之铠　胸甲,防具,身体,忍者防具,True,10,8,2058,0,0,0,0,0,0,0,0,0,10,9,2314
932,10461,0x28DD,30,8,0.8,True,True,袖神之铠　臂甲,防具,手臂,忍者防具,True,10,8,2058,0,0,0,0,0,0,0,0,0,10,9,2314
933,17573,0x44A5,33,12,1.2,True,True,袖神之铠　膝甲,防具,腿部,忍者防具,True,10,8,2058,0,0,0,0,0,0,0,0,0,10,9,2314
934,16995,0x4263,36,8,0.8,True,True,袖神之铠　腿甲,防具,足部,忍者防具,True,10,8,2058,0,0,0,0,0,0,0,0,0,10,9,2314
935,38625,0x96E1,24,18,1.8,True,True,弘法大师僧衣　斗笠,防具,头部,忍者防具,True,0,9,2304,0,0,0,18,0,18,0,0,0,12,9,2316
936,34352,0x8630,27,36,3.6,True,True,弘法大师僧衣　袈裟,防具,身体,忍者防具,True,0,9,2304,0,0,0,18,0,18,0,0,0,12,9,2316
937,36101,0x8D05,30,18,1.8,True,True,弘法大师僧衣　袖套,防具,手臂,忍者防具,True,0,9,2304,0,0,0,18,0,18,0,0,0,12,9,2316
938,59969,0xEA41,33,27,2.7,True,True,弘法大师僧衣　裤裙,防具,腿部,忍者防具,True,0,9,2304,0,0,0,18,0,18,0,0,0,12,9,2316
939,44300,0xAD0C,36,18,1.8,True,True,弘法大师僧衣　绑腿,防具,足部,忍者防具,True,0,9,2304,0,0,0,18,0,18,0,0,0,12,9,2316
940,24733,0x609D,24,15,1.5,True,True,,防具,,忍者防具,False,13,8,2061,0,0,0,0,0,0,0,0,0,12,9,2316
941,49295,0xC08F,27,30,3.0,True,True,,防具,,忍者防具,False,13,8,2061,0,0,0,0,0,0,0,0,0,12,9,2316
942,64438,0xFBB6,30,15,1.5,True,True,,防具,,忍者防具,False,13,8,2061,0,0,0,0,0,0,0,0,0,12,9,2316
943,13357,0x342D,33,21,2.1,True,True,,防具,,忍者防具,False,13,8,2061,0,0,0,0,0,0,0,0,0,12,9,2316
944,1540,0x0604,36,15,1.5,True,True,,防具,,忍者防具,False,13,8,2061,0,0,0,0,0,0,0,0,0,12,9,2316
945,52695,0xCDD7,24,16,1.6,True,True,,防具,,忍者防具,False,13,8,2061,0,0,0,0,0,0,0,0,0,12,9,2316
946,24343,0x5F17,27,32,3.2,True,True,,防具,,忍者防具,False,13,8,2061,0,0,0,0,0,0,0,0,0,12,9,2316
947,27609,0x6BD9,30,16,1.6,True,True,,防具,,忍者防具,False,13,8,2061,0,0,0,0,0,0,0,0,0,12,9,2316
948,17721,0x4539,33,24,2.4,True,True,,防具,,忍者防具,False,13,8,2061,0,0,0,0,0,0,0,0,0,12,9,2316
949,4335,0x10EF,36,16,1.6,True,True,,防具,,忍者防具,False,13,8,2061,0,0,0,0,0,0,0,0,0,12,9,2316
950,59856,0xE9D0,24,17,1.7,True,True,,防具,,忍者防具,False,13,8,2061,0,0,0,0,0,0,0,0,0,12,9,2316
951,55720,0xD9A8,27,34,3.4,True,True,,防具,,忍者防具,False,13,8,2061,0,0,0,0,0,0,0,0,0,12,9,2316
952,21828,0x5544,30,17,1.7,True,True,,防具,,忍者防具,False,13,8,2061,0,0,0,0,0,0,0,0,0,12,9,2316
953,17956,0x4624,33,26,2.6,True,True,,防具,,忍者防具,False,13,8,2061,0,0,0,0,0,0,0,0,0,12,9,2316
954,36285,0x8DBD,36,17,1.7,True,True,,防具,,忍者防具,False,13,8,2061,0,0,0,0,0,0,0,0,0,12,9,2316
955,31332,0x7A64,24,18,1.8,True,True,,防具,,忍者防具,False,13,8,2061,0,0,0,0,0,0,0,0,0,12,9,2316
956,52428,0xCCCC,27,36,3.6,True,True,,防具,,忍者防具,False,13,8,2061,0,0,0,0,0,0,0,0,0,12,9,2316
957,33879,0x8457,30,18,1.8,True,True,,防具,,忍者防具,False,13,8,2061,0,0,0,0,0,0,0,0,0,12,9,2316
958,36606,0x8EFE,33,23,2.3,True,True,,防具,,忍者防具,False,13,8,2061,0,0,0,0,0,0,0,0,0,12,9,2316
959,52088,0xCB78,36,18,1.8,True,True,,防具,,忍者防具,False,13,8,2061,0,0,0,0,0,0,0,0,0,12,9,2316
960,12081,0x2F31,24,6,0.6,True,True,,防具,,忍者防具,False,0,9,2304,0,0,0,0,0,0,0,0,0,12,9,2316
961,54701,0xD5AD,27,12,1.2,True,True,,防具,,忍者防具,False,0,9,2304,0,0,0,0,0,0,0,0,0,12,9,2316
962,34971,0x889B,30,6,0.6,True,True,,防具,,忍者防具,False,0,9,2304,0,0,0,0,0,0,0,0,0,12,9,2316
963,39639,0x9AD7,33,9,0.9,True,True,,防具,,忍者防具,False,0,9,2304,0,0,0,0,0,0,0,0,0,12,9,2316
964,34599,0x8727,36,6,0.6,True,True,,防具,,忍者防具,False,0,9,2304,0,0,0,0,0,0,0,0,0,12,9,2316
965,35931,0x8C5B,24,7,0.7,True,True,,防具,,忍者防具,False,0,9,2304,0,0,0,0,0,0,0,0,0,12,9,2316
966,10607,0x296F,27,14,1.4,True,True,,防具,,忍者防具,False,0,9,2304,0,0,0,0,0,0,0,0,0,12,9,2316
967,21484,0x53EC,30,7,0.7,True,True,,防具,,忍者防具,False,0,9,2304,0,0,0,0,0,0,0,0,0,12,9,2316
968,7238,0x1C46,33,11,1.1,True,True,,防具,,忍者防具,False,0,9,2304,0,0,0,0,0,0,0,0,0,12,9,2316
969,52829,0xCE5D,36,7,0.7,True,True,,防具,,忍者防具,False,0,9,2304,0,0,0,0,0,0,0,0,0,12,9,2316
970,35948,0x8C6C,24,8,0.8,True,True,,防具,,忍者防具,False,0,9,2304,0,0,0,0,0,0,0,0,0,12,9,2316
971,4728,0x1278,27,16,1.6,True,True,,防具,,忍者防具,False,0,9,2304,0,0,0,0,0,0,0,0,0,12,9,2316
972,58519,0xE497,30,8,0.8,True,True,,防具,,忍者防具,False,0,9,2304,0,0,0,0,0,0,0,0,0,12,9,2316
973,5030,0x13A6,33,12,1.2,True,True,,防具,,忍者防具,False,0,9,2304,0,0,0,0,0,0,0,0,0,12,9,2316
974,24404,0x5F54,36,8,0.8,True,True,,防具,,忍者防具,False,0,9,2304,0,0,0,0,0,0,0,0,0,12,9,2316
975,39189,0x9915,24,10,1.0,True,True,,防具,,忍者防具,False,0,9,2304,0,0,0,0,0,0,0,0,0,12,9,2316
976,11242,0x2BEA,27,20,2.0,True,True,,防具,,忍者防具,False,0,9,2304,0,0,0,0,0,0,0,0,0,12,9,2316
977,27209,0x6A49,30,10,1.0,True,True,,防具,,忍者防具,False,0,9,2304,0,0,0,0,0,0,0,0,0,12,9,2316
978,56114,0xDB32,33,15,1.5,True,True,,防具,,忍者防具,False,0,9,2304,0,0,0,0,0,0,0,0,0,12,9,2316
979,33205,0x81B5,36,10,1.0,True,True,,防具,,忍者防具,False,0,9,2304,0,0,0,0,0,0,0,0,0,12,9,2316
980,39582,0x9A9E,24,11,1.1,True,True,,防具,,忍者防具,False,0,9,2304,0,0,0,0,0,0,0,0,0,12,9,2316
981,63651,0xF8A3,27,22,2.2,True,True,,防具,,忍者防具,False,0,9,2304,0,0,0,0,0,0,0,0,0,12,9,2316
982,20903,0x51A7,30,11,1.1,True,True,,防具,,忍者防具,False,0,9,2304,0,0,0,0,0,0,0,0,0,12,9,2316
983,21732,0x54E4,33,17,1.7,True,True,,防具,,忍者防具,False,0,9,2304,0,0,0,0,0,0,0,0,0,12,9,2316
984,24470,0x5F96,36,11,1.1,True,True,,防具,,忍者防具,False,0,9,2304,0,0,0,0,0,0,0,0,0,12,9,2316
985,1310,0x051E,24,12,1.2,True,True,,防具,,忍者防具,False,0,9,2304,0,0,0,0,0,0,0,0,0,12,9,2316
986,29951,0x74FF,27,24,2.4,True,True,,防具,,忍者防具,False,0,9,2304,0,0,0,0,0,0,0,0,0,12,9,2316
987,62953,0xF5E9,30,12,1.2,True,True,,防具,,忍者防具,False,0,9,2304,0,0,0,0,0,0,0,0,0,12,9,2316
988,61599,0xF09F,33,18,1.8,True,True,,防具,,忍者防具,False,0,9,2304,0,0,0,0,0,0,0,0,0,12,9,2316
989,14096,0x3710,36,12,1.2,True,True,,防具,,忍者防具,False,0,9,2304,0,0,0,0,0,0,0,0,0,12,9,2316
990,31164,0x79BC,24,13,1.3,True,True,,防具,,忍者防具,False,0,9,2304,0,0,0,0,0,0,0,0,0,12,9,2316
991,53208,0xCFD8,27,26,2.6,True,True,,防具,,忍者防具,False,0,9,2304,0,0,0,0,0,0,0,0,0,12,9,2316
992,20036,0x4E44,30,13,1.3,True,True,,防具,,忍者防具,False,0,9,2304,0,0,0,0,0,0,0,0,0,12,9,2316
993,9380,0x24A4,33,20,2.0,True,True,,防具,,忍者防具,False,0,9,2304,0,0,0,0,0,0,0,0,0,12,9,2316
994,20720,0x50F0,36,13,1.3,True,True,,防具,,忍者防具,False,0,9,2304,0,0,0,0,0,0,0,0,0,12,9,2316
995,24267,0x5ECB,24,14,1.4,True,True,,防具,,忍者防具,False,0,9,2304,0,0,0,0,0,0,0,0,0,12,9,2316
996,25677,0x644D,27,28,2.8,True,True,,防具,,忍者防具,False,0,9,2304,0,0,0,0,0,0,0,0,0,12,9,2316
997,45946,0xB37A,30,14,1.4,True,True,,防具,,忍者防具,False,0,9,2304,0,0,0,0,0,0,0,0,0,12,9,2316
998,45505,0xB1C1,33,21,2.1,True,True,,防具,,忍者防具,False,0,9,2304,0,0,0,0,0,0,0,0,0,12,9,2316
999,24194,0x5E82,36,14,1.4,True,True,,防具,,忍者防具,False,0,9,2304,0,0,0,0,0,0,0,0,0,12,9,2316
1000,39458,0x9A22,24,15,1.5,True,True,,防具,,忍者防具,False,0,9,2304,0,0,0,0,0,0,0,0,0,12,9,2316
1001,29970,0x7512,27,30,3.0,True,True,,防具,,忍者防具,False,0,9,2304,0,0,0,0,0,0,0,0,0,12,9,2316
1002,26537,0x67A9,30,15,1.5,True,True,,防具,,忍者防具,False,0,9,2304,0,0,0,0,0,0,0,0,0,12,9,2316
1003,31093,0x7975,33,23,2.3,True,True,,防具,,忍者防具,False,0,9,2304,0,0,0,0,0,0,0,0,0,12,9,2316
1004,47225,0xB879,36,15,1.5,True,True,,防具,,忍者防具,False,0,9,2304,0,0,0,0,0,0,0,0,0,12,9,2316
1009,49111,0xBFD7,25,36,3.6,True,True,足轻中铠　阵笠,防具,头部,武士防具,True,7,3,775,0,0,0,0,0,0,6,2,518,0,0,0
1010,13756,0x35BC,28,72,7.2,True,True,足轻中铠　胸甲,防具,身体,武士防具,True,7,3,775,0,0,0,0,0,0,6,2,518,0,0,0
1011,53020,0xCF1C,31,36,3.6,True,True,足轻中铠　臂甲,防具,手臂,武士防具,True,7,3,775,0,0,0,0,0,0,6,2,518,0,0,0
1012,49658,0xC1FA,34,54,5.4,True,True,足轻中铠　膝甲,防具,腿部,武士防具,True,7,3,775,0,0,0,0,0,0,6,2,518,0,0,0
1013,39862,0x9BB6,37,36,3.6,True,True,足轻中铠　腿甲,防具,足部,武士防具,True,7,3,775,0,0,0,0,0,0,6,2,518,0,0,0
1014,64122,0xFA7A,25,37,3.7,True,True,浪人中铠　面具,防具,头部,武士防具,True,8,3,776,0,0,0,0,0,0,11,3,779,0,0,0
1015,41751,0xA317,28,74,7.4,True,True,浪人中铠　胸甲,防具,身体,武士防具,True,8,3,776,0,0,0,0,0,0,11,3,779,0,0,0
1016,20548,0x5044,31,37,3.7,True,True,浪人中铠　臂甲,防具,手臂,武士防具,True,8,3,776,0,0,0,0,0,0,11,3,779,0,0,0
1017,13006,0x32CE,34,56,5.6,True,True,浪人中铠　膝甲,防具,腿部,武士防具,True,8,3,776,0,0,0,0,0,0,11,3,779,0,0,0
1018,32110,0x7D6E,37,37,3.7,True,True,浪人中铠　腿甲,防具,足部,武士防具,True,8,3,776,0,0,0,0,0,0,11,3,779,0,0,0
1019,6047,0x179F,25,25,2.5,True,True,退魔师战甲　乌帽子,防具,头部,忍者防具,True,0,3,768,0,0,0,10,0,10,0,3,768,9,0,9
1020,32824,0x8038,28,50,5.0,True,True,退魔师战甲　胸甲,防具,身体,忍者防具,True,0,3,768,0,0,0,10,0,10,0,3,768,9,0,9
1021,23249,0x5AD1,31,25,2.5,True,True,退魔师战甲　臂甲,防具,手臂,忍者防具,True,0,3,768,0,0,0,10,0,10,0,3,768,9,0,9
1022,48485,0xBD65,34,38,3.8,True,True,退魔师战甲　膝甲,防具,腿部,忍者防具,True,0,3,768,0,0,0,10,0,10,0,3,768,9,0,9
1023,11904,0x2E80,37,25,2.5,True,True,退魔师战甲　腿甲,防具,足部,忍者防具,True,0,3,768,0,0,0,10,0,10,0,3,768,9,0,9
1024,49299,0xC093,25,18,1.8,True,True,楚叶矢众铠　面具,防具,头部,忍者防具,True,0,4,1024,0,0,0,20,0,20,0,4,1024,14,0,14
1025,19063,0x4A77,28,36,3.6,True,True,楚叶矢众铠　胸甲,防具,身体,忍者防具,True,0,4,1024,0,0,0,20,0,20,0,4,1024,14,0,14
1026,7199,0x1C1F,31,18,1.8,True,True,楚叶矢众铠　臂甲,防具,手臂,忍者防具,True,0,4,1024,0,0,0,20,0,20,0,4,1024,14,0,14
1027,51663,0xC9CF,34,27,2.7,True,True,楚叶矢众铠　膝甲,防具,腿部,忍者防具,True,0,4,1024,0,0,0,20,0,20,0,4,1024,14,0,14
1028,2189,0x088D,37,18,1.8,True,True,楚叶矢众铠　腿甲,防具,足部,忍者防具,True,0,4,1024,0,0,0,20,0,20,0,4,1024,14,0,14
1029,43906,0xAB82,25,39,3.9,True,True,燕尾中铠　头盔,防具,头部,武士防具,True,11,4,1035,0,0,0,0,0,0,13,0,13,0,0,0
1030,25533,0x63BD,28,78,7.8,True,True,燕尾中铠　胸甲,防具,身体,武士防具,True,11,4,1035,0,0,0,0,0,0,13,0,13,0,0,0
1031,29203,0x7213,31,39,3.9,True,True,燕尾中铠　臂甲,防具,手臂,武士防具,True,11,4,1035,0,0,0,0,0,0,13,0,13,0,0,0
1032,21067,0x524B,34,59,5.9,True,True,燕尾中铠　膝甲,防具,腿部,武士防具,True,11,4,1035,0,0,0,0,0,0,13,0,13,0,0,0
1033,32758,0x7FF6,37,39,3.9,True,True,燕尾中铠　腿甲,防具,足部,武士防具,True,11,4,1035,0,0,0,0,0,0,13,0,13,0,0,0
1034,57072,0xDEF0,25,17,1.7,True,True,祈月斗将之铠　头盔,防具,头部,武士防具,True,18,7,1810,0,0,0,0,0,0,0,7,1792,18,0,18
1035,24909,0x614D,28,34,3.4,True,True,祈月斗将之铠　胸甲,防具,身体,武士防具,True,18,7,1810,0,0,0,0,0,0,0,7,1792,18,0,18
1036,44918,0xAF76,31,17,1.7,True,True,祈月斗将之铠　臂甲,防具,手臂,武士防具,True,18,7,1810,0,0,0,0,0,0,0,7,1792,18,0,18
1037,52365,0xCC8D,34,26,2.6,True,True,祈月斗将之铠　膝甲,防具,腿部,武士防具,True,18,7,1810,0,0,0,0,0,0,0,7,1792,18,0,18
1038,51511,0xC937,37,17,1.7,True,True,祈月斗将之铠　腿甲,防具,足部,武士防具,True,18,7,1810,0,0,0,0,0,0,0,7,1792,18,0,18
1039,51013,0xC745,25,39,3.9,True,True,侍大将中铠　头盔,防具,头部,武士防具,True,11,7,1803,0,0,0,0,0,0,16,7,1808,0,0,0
1040,8464,0x2110,28,78,7.8,True,True,侍大将中铠　胸甲,防具,身体,武士防具,True,11,7,1803,0,0,0,0,0,0,16,7,1808,0,0,0
1041,34901,0x8855,31,39,3.9,True,True,侍大将中铠　臂甲,防具,手臂,武士防具,True,11,7,1803,0,0,0,0,0,0,16,7,1808,0,0,0
1042,42257,0xA511,34,59,5.9,True,True,侍大将中铠　膝甲,防具,腿部,武士防具,True,11,7,1803,0,0,0,0,0,0,16,7,1808,0,0,0
1043,18090,0x46AA,37,39,3.9,True,True,侍大将中铠　腿甲,防具,足部,武士防具,True,11,7,1803,0,0,0,0,0,0,16,7,1808,0,0,0
1044,43668,0xAA94,25,39,3.9,True,True,百战武者中铠　头盔,防具,头部,武士防具,True,16,8,2064,0,0,0,0,0,0,12,8,2060,0,0,0
1045,5357,0x14ED,28,78,7.8,True,True,百战武者中铠　胸甲,防具,身体,武士防具,True,16,8,2064,0,0,0,0,0,0,12,8,2060,0,0,0
1046,50053,0xC385,31,39,3.9,True,True,百战武者中铠　臂甲,防具,手臂,武士防具,True,16,8,2064,0,0,0,0,0,0,12,8,2060,0,0,0
1047,57083,0xDEFB,34,59,5.9,True,True,百战武者中铠　膝甲,防具,腿部,武士防具,True,16,8,2064,0,0,0,0,0,0,12,8,2060,0,0,0
1048,17921,0x4601,37,39,3.9,True,True,百战武者中铠　腿甲,防具,足部,武士防具,True,16,8,2064,0,0,0,0,0,0,12,8,2060,0,0,0
1054,61421,0xEFED,25,40,4.0,True,True,绝群倾奇之铠　头盔,防具,头部,武士防具,True,13,6,1549,0,0,0,0,0,0,18,0,18,0,0,0
1055,57074,0xDEF2,28,80,8.0,True,True,绝群倾奇之铠　胸甲,防具,身体,武士防具,True,13,6,1549,0,0,0,0,0,0,18,0,18,0,0,0
1056,38421,0x9615,31,40,4.0,True,True,绝群倾奇之铠　臂甲,防具,手臂,武士防具,True,13,6,1549,0,0,0,0,0,0,18,0,18,0,0,0
1057,33876,0x8454,34,60,6.0,True,True,绝群倾奇之铠　膝甲,防具,腿部,武士防具,True,13,6,1549,0,0,0,0,0,0,18,0,18,0,0,0
1058,40790,0x9F56,37,40,4.0,True,True,绝群倾奇之铠　腿甲,防具,足部,武士防具,True,13,6,1549,0,0,0,0,0,0,18,0,18,0,0,0
1059,47223,0xB877,25,38,3.8,True,True,大型八龙　头盔,防具,头部,武士防具,True,10,10,2570,0,0,0,0,0,0,11,10,2571,0,0,0
1060,59647,0xE8FF,28,76,7.6,True,True,大型八龙　胸甲,防具,身体,武士防具,True,10,10,2570,0,0,0,0,0,0,11,10,2571,0,0,0
1061,15800,0x3DB8,31,38,3.8,True,True,大型八龙　臂甲,防具,手臂,武士防具,True,10,10,2570,0,0,0,0,0,0,11,10,2571,0,0,0
1062,19615,0x4C9F,34,57,5.7,True,True,大型八龙　膝甲,防具,腿部,武士防具,True,10,10,2570,0,0,0,0,0,0,11,10,2571,0,0,0
1063,10631,0x2987,37,38,3.8,True,True,大型八龙　腿甲,防具,足部,武士防具,True,10,10,2570,0,0,0,0,0,0,11,10,2571,0,0,0
1064,35229,0x899D,25,37,3.7,True,True,讨鬼勇猛之铠　头盔,防具,头部,武士防具,True,8,10,2568,0,0,0,0,0,0,11,10,2571,0,0,0
1065,6519,0x1977,28,74,7.4,True,True,讨鬼勇猛之铠　胸甲,防具,身体,武士防具,True,8,10,2568,0,0,0,0,0,0,11,10,2571,0,0,0
1066,12595,0x3133,31,37,3.7,True,True,讨鬼勇猛之铠　臂甲,防具,手臂,武士防具,True,8,10,2568,0,0,0,0,0,0,11,10,2571,0,0,0
1067,1191,0x04A7,34,56,5.6,True,True,讨鬼勇猛之铠　膝甲,防具,腿部,武士防具,True,8,10,2568,0,0,0,0,0,0,11,10,2571,0,0,0
1068,59960,0xEA38,37,37,3.7,True,True,讨鬼勇猛之铠　腿甲,防具,足部,武士防具,True,8,10,2568,0,0,0,0,0,0,11,10,2571,0,0,0
1069,2028,0x07EC,25,33,3.3,True,True,,防具,,忍者防具,False,17,10,2577,0,0,0,0,0,0,16,10,2576,0,0,0
1070,13303,0x33F7,28,66,6.6,True,True,,防具,,忍者防具,False,17,10,2577,0,0,0,0,0,0,16,10,2576,0,0,0
1071,6486,0x1956,31,33,3.3,True,True,,防具,,忍者防具,False,17,10,2577,0,0,0,0,0,0,16,10,2576,0,0,0
1072,2948,0x0B84,34,50,5.0,True,True,,防具,,忍者防具,False,17,10,2577,0,0,0,0,0,0,16,10,2576,0,0,0
1073,61193,0xEF09,37,33,3.3,True,True,,防具,,忍者防具,False,17,10,2577,0,0,0,0,0,0,16,10,2576,0,0,0
1074,42512,0xA610,25,34,3.4,True,True,,防具,,忍者防具,False,17,10,2577,0,0,0,0,0,0,16,10,2576,0,0,0
1075,41288,0xA148,28,68,6.8,True,True,,防具,,忍者防具,False,17,10,2577,0,0,0,0,0,0,16,10,2576,0,0,0
1076,58324,0xE3D4,31,34,3.4,True,True,,防具,,忍者防具,False,17,10,2577,0,0,0,0,0,0,16,10,2576,0,0,0
1077,20047,0x4E4F,34,51,5.1,True,True,,防具,,忍者防具,False,17,10,2577,0,0,0,0,0,0,16,10,2576,0,0,0
1078,26227,0x6673,37,34,3.4,True,True,,防具,,忍者防具,False,17,10,2577,0,0,0,0,0,0,16,10,2576,0,0,0
1079,54298,0xD41A,25,35,3.5,True,True,,防具,,忍者防具,False,17,10,2577,0,0,0,0,0,0,16,10,2576,0,0,0
1080,38200,0x9538,28,70,7.0,True,True,,防具,,忍者防具,False,17,10,2577,0,0,0,0,0,0,16,10,2576,0,0,0
1081,40479,0x9E1F,31,35,3.5,True,True,,防具,,忍者防具,False,17,10,2577,0,0,0,0,0,0,16,10,2576,0,0,0
1082,27970,0x6D42,34,53,5.3,True,True,,防具,,忍者防具,False,17,10,2577,0,0,0,0,0,0,16,10,2576,0,0,0
1083,38340,0x95C4,37,35,3.5,True,True,,防具,,忍者防具,False,17,10,2577,0,0,0,0,0,0,16,10,2576,0,0,0
1084,61503,0xF03F,25,36,3.6,True,True,,防具,,忍者防具,False,17,10,2577,0,0,0,0,0,0,16,10,2576,0,0,0
1085,14950,0x3A66,28,72,7.2,True,True,,防具,,忍者防具,False,17,10,2577,0,0,0,0,0,0,16,10,2576,0,0,0
1086,53745,0xD1F1,31,36,3.6,True,True,,防具,,忍者防具,False,17,10,2577,0,0,0,0,0,0,16,10,2576,0,0,0
1087,7357,0x1CBD,34,54,5.4,True,True,,防具,,忍者防具,False,17,10,2577,0,0,0,0,0,0,16,10,2576,0,0,0
1088,26555,0x67BB,37,36,3.6,True,True,,防具,,忍者防具,False,17,10,2577,0,0,0,0,0,0,16,10,2576,0,0,0
1089,46614,0xB616,25,37,3.7,True,True,,防具,,忍者防具,False,17,10,2577,0,0,0,0,0,0,16,10,2576,0,0,0
1090,7240,0x1C48,28,74,7.4,True,True,,防具,,忍者防具,False,17,10,2577,0,0,0,0,0,0,16,10,2576,0,0,0
1091,5458,0x1552,31,37,3.7,True,True,,防具,,忍者防具,False,17,10,2577,0,0,0,0,0,0,16,10,2576,0,0,0
1092,16049,0x3EB1,34,56,5.6,True,True,,防具,,忍者防具,False,17,10,2577,0,0,0,0,0,0,16,10,2576,0,0,0
1093,39153,0x98F1,37,37,3.7,True,True,,防具,,忍者防具,False,17,10,2577,0,0,0,0,0,0,16,10,2576,0,0,0
1094,5930,0x172A,25,38,3.8,True,True,,防具,,忍者防具,False,17,10,2577,0,0,0,0,0,0,16,10,2576,0,0,0
1095,38837,0x97B5,28,76,7.6,True,True,,防具,,忍者防具,False,17,10,2577,0,0,0,0,0,0,16,10,2576,0,0,0
1096,29499,0x733B,31,38,3.8,True,True,,防具,,忍者防具,False,17,10,2577,0,0,0,0,0,0,16,10,2576,0,0,0
1097,26345,0x66E9,34,57,5.7,True,True,,防具,,忍者防具,False,17,10,2577,0,0,0,0,0,0,16,10,2576,0,0,0
1098,59808,0xE9A0,37,38,3.8,True,True,,防具,,忍者防具,False,17,10,2577,0,0,0,0,0,0,16,10,2576,0,0,0
1099,65053,0xFE1D,25,39,3.9,True,True,,防具,,忍者防具,False,17,10,2577,0,0,0,0,0,0,16,10,2576,0,0,0
1100,24047,0x5DEF,28,78,7.8,True,True,,防具,,忍者防具,False,17,10,2577,0,0,0,0,0,0,16,10,2576,0,0,0
1101,57417,0xE049,31,39,3.9,True,True,,防具,,忍者防具,False,17,10,2577,0,0,0,0,0,0,16,10,2576,0,0,0
1102,14470,0x3886,34,59,5.9,True,True,,防具,,忍者防具,False,17,10,2577,0,0,0,0,0,0,16,10,2576,0,0,0
1103,31502,0x7B0E,37,39,3.9,True,True,,防具,,忍者防具,False,17,10,2577,0,0,0,0,0,0,16,10,2576,0,0,0
1104,12838,0x3226,25,40,4.0,True,True,,防具,,忍者防具,False,17,10,2577,0,0,0,0,0,0,16,10,2576,0,0,0
1105,36419,0x8E43,28,80,8.0,True,True,,防具,,忍者防具,False,17,10,2577,0,0,0,0,0,0,16,10,2576,0,0,0
1106,34745,0x87B9,31,40,4.0,True,True,,防具,,忍者防具,False,17,10,2577,0,0,0,0,0,0,16,10,2576,0,0,0
1107,8900,0x22C4,34,60,6.0,True,True,,防具,,忍者防具,False,17,10,2577,0,0,0,0,0,0,16,10,2576,0,0,0
1108,43752,0xAAE8,37,40,4.0,True,True,,防具,,忍者防具,False,17,10,2577,0,0,0,0,0,0,16,10,2576,0,0,0
1109,37269,0x9195,24,16,1.6,True,True,,防具,,忍者防具,False,0,4,1024,0,0,0,0,0,0,0,0,0,8,5,1288
1110,5102,0x13EE,27,32,3.2,True,True,,防具,,忍者防具,False,0,4,1024,0,0,0,0,0,0,0,0,0,8,5,1288
1111,13877,0x3635,30,16,1.6,True,True,,防具,,忍者防具,False,0,4,1024,0,0,0,0,0,0,0,0,0,8,5,1288
1112,19992,0x4E18,33,24,2.4,True,True,,防具,,忍者防具,False,0,4,1024,0,0,0,0,0,0,0,0,0,8,5,1288
1113,15871,0x3DFF,36,16,1.6,True,True,,防具,,忍者防具,False,0,4,1024,0,0,0,0,0,0,0,0,0,8,5,1288
1114,36746,0x8F8A,24,17,1.7,True,True,,防具,,忍者防具,False,0,4,1024,0,0,0,0,0,0,0,0,0,8,5,1288
1115,30310,0x7666,27,34,3.4,True,True,,防具,,忍者防具,False,0,4,1024,0,0,0,0,0,0,0,0,0,8,5,1288
1116,24866,0x6122,30,17,1.7,True,True,,防具,,忍者防具,False,0,4,1024,0,0,0,0,0,0,0,0,0,8,5,1288
1117,21992,0x55E8,33,26,2.6,True,True,,防具,,忍者防具,False,0,4,1024,0,0,0,0,0,0,0,0,0,8,5,1288
1118,22763,0x58EB,36,17,1.7,True,True,,防具,,忍者防具,False,0,4,1024,0,0,0,0,0,0,0,0,0,8,5,1288
1119,25630,0x641E,24,18,1.8,True,True,,防具,,忍者防具,False,0,4,1024,0,0,0,0,0,0,0,0,0,8,5,1288
1120,43208,0xA8C8,27,36,3.6,True,True,,防具,,忍者防具,False,0,4,1024,0,0,0,0,0,0,0,0,0,8,5,1288
1121,38896,0x97F0,30,18,1.8,True,True,,防具,,忍者防具,False,0,4,1024,0,0,0,0,0,0,0,0,0,8,5,1288
1122,52862,0xCE7E,33,27,2.7,True,True,,防具,,忍者防具,False,0,4,1024,0,0,0,0,0,0,0,0,0,8,5,1288
1123,49723,0xC23B,36,18,1.8,True,True,,防具,,忍者防具,False,0,4,1024,0,0,0,0,0,0,0,0,0,8,5,1288
1124,36602,0x8EFA,24,19,1.9,True,True,,防具,,忍者防具,False,0,4,1024,0,0,0,0,0,0,0,0,0,8,5,1288
1125,32101,0x7D65,27,38,3.8,True,True,,防具,,忍者防具,False,0,4,1024,0,0,0,0,0,0,0,0,0,8,5,1288
1126,597,0x0255,30,19,1.9,True,True,,防具,,忍者防具,False,0,4,1024,0,0,0,0,0,0,0,0,0,8,5,1288
1127,23653,0x5C65,33,29,2.9,True,True,,防具,,忍者防具,False,0,4,1024,0,0,0,0,0,0,0,0,0,8,5,1288
1128,12352,0x3040,36,19,1.9,True,True,,防具,,忍者防具,False,0,4,1024,0,0,0,0,0,0,0,0,0,8,5,1288
1129,6974,0x1B3E,24,20,2.0,True,True,,防具,,忍者防具,False,0,4,1024,0,0,0,0,0,0,0,0,0,8,5,1288
1130,46959,0xB76F,27,40,4.0,True,True,,防具,,忍者防具,False,0,4,1024,0,0,0,0,0,0,0,0,0,8,5,1288
1131,13967,0x368F,30,20,2.0,True,True,,防具,,忍者防具,False,0,4,1024,0,0,0,0,0,0,0,0,0,8,5,1288
1132,11177,0x2BA9,33,30,3.0,True,True,,防具,,忍者防具,False,0,4,1024,0,0,0,0,0,0,0,0,0,8,5,1288
1133,51699,0xC9F3,36,20,2.0,True,True,,防具,,忍者防具,False,0,4,1024,0,0,0,0,0,0,0,0,0,8,5,1288
1134,63737,0xF8F9,24,23,2.3,True,True,,防具,,忍者防具,False,0,4,1024,0,0,0,0,0,0,0,0,0,8,5,1288
1135,7962,0x1F1A,27,46,4.6,True,True,,防具,,忍者防具,False,0,4,1024,0,0,0,0,0,0,0,0,0,8,5,1288
1136,17733,0x4545,30,23,2.3,True,True,,防具,,忍者防具,False,0,4,1024,0,0,0,0,0,0,0,0,0,8,5,1288
1137,18062,0x468E,33,35,3.5,True,True,,防具,,忍者防具,False,0,4,1024,0,0,0,0,0,0,0,0,0,8,5,1288
1138,58560,0xE4C0,36,23,2.3,True,True,,防具,,忍者防具,False,0,4,1024,0,0,0,0,0,0,0,0,0,8,5,1288
1139,23309,0x5B0D,24,24,2.4,True,True,,防具,,忍者防具,False,0,4,1024,0,0,0,0,0,0,0,0,0,8,5,1288
1140,37514,0x928A,27,48,4.8,True,True,,防具,,忍者防具,False,0,4,1024,0,0,0,0,0,0,0,0,0,8,5,1288
1141,45378,0xB142,30,24,2.4,True,True,,防具,,忍者防具,False,0,4,1024,0,0,0,0,0,0,0,0,0,8,5,1288
1142,12959,0x329F,33,36,3.6,True,True,,防具,,忍者防具,False,0,4,1024,0,0,0,0,0,0,0,0,0,8,5,1288
1143,1554,0x0612,36,24,2.4,True,True,,防具,,忍者防具,False,0,4,1024,0,0,0,0,0,0,0,0,0,8,5,1288
1144,21374,0x537E,24,25,2.5,True,True,,防具,,忍者防具,False,0,4,1024,0,0,0,0,0,0,0,0,0,8,5,1288
1145,53297,0xD031,27,50,5.0,True,True,,防具,,忍者防具,False,0,4,1024,0,0,0,0,0,0,0,0,0,8,5,1288
1146,16137,0x3F09,30,25,2.5,True,True,,防具,,忍者防具,False,0,4,1024,0,0,0,0,0,0,0,0,0,8,5,1288
1147,37141,0x9115,33,38,3.8,True,True,,防具,,忍者防具,False,0,4,1024,0,0,0,0,0,0,0,0,0,8,5,1288
1148,38297,0x9599,36,25,2.5,True,True,,防具,,忍者防具,False,0,4,1024,0,0,0,0,0,0,0,0,0,8,5,1288
1149,40967,0xA007,24,26,2.6,True,True,,防具,,忍者防具,False,0,4,1024,0,0,0,0,0,0,0,0,0,8,5,1288
1150,62832,0xF570,27,52,5.2,True,True,,防具,,忍者防具,False,0,4,1024,0,0,0,0,0,0,0,0,0,8,5,1288
1151,222,0x00DE,30,26,2.6,True,True,,防具,,忍者防具,False,0,4,1024,0,0,0,0,0,0,0,0,0,8,5,1288
1152,46504,0xB5A8,33,39,3.9,True,True,,防具,,忍者防具,False,0,4,1024,0,0,0,0,0,0,0,0,0,8,5,1288
1153,38285,0x958D,36,26,2.6,True,True,,防具,,忍者防具,False,0,4,1024,0,0,0,0,0,0,0,0,0,8,5,1288
1154,3892,0x0F34,24,27,2.7,True,True,,防具,,忍者防具,False,0,4,1024,0,0,0,0,0,0,0,0,0,8,5,1288
1155,59976,0xEA48,27,54,5.4,True,True,,防具,,忍者防具,False,0,4,1024,0,0,0,0,0,0,0,0,0,8,5,1288
1156,12030,0x2EFE,30,27,2.7,True,True,,防具,,忍者防具,False,0,4,1024,0,0,0,0,0,0,0,0,0,8,5,1288
1157,18459,0x481B,33,41,4.1,True,True,,防具,,忍者防具,False,0,4,1024,0,0,0,0,0,0,0,0,0,8,5,1288
1158,4865,0x1301,36,27,2.7,True,True,,防具,,忍者防具,False,0,4,1024,0,0,0,0,0,0,0,0,0,8,5,1288
1159,17113,0x42D9,26,48,4.8,True,True,传家大铠　头盔,防具,头部,武士防具,True,0,0,0,0,0,0,5,3,773,5,2,517,0,0,0
1160,18951,0x4A07,29,96,9.6,True,True,传家大铠　胸甲,防具,身体,武士防具,True,0,0,0,0,0,0,5,3,773,5,2,517,0,0,0
1161,15080,0x3AE8,32,48,4.8,True,True,传家大铠　臂甲,防具,手臂,武士防具,True,0,0,0,0,0,0,5,3,773,5,2,517,0,0,0
1162,1296,0x0510,35,72,7.2,True,True,传家大铠　膝甲,防具,腿部,武士防具,True,0,0,0,0,0,0,5,3,773,5,2,517,0,0,0
1163,49248,0xC060,38,48,4.8,True,True,传家大铠　腿甲,防具,足部,武士防具,True,0,0,0,0,0,0,5,3,773,5,2,517,0,0,0
1164,12799,0x31FF,26,16,1.6,True,True,盗贼之铠　头盔,防具,头部,忍者防具,True,0,0,0,0,0,0,5,2,517,0,2,512,5,0,5
1165,27723,0x6C4B,29,32,3.2,True,True,盗贼之铠　胸甲,防具,身体,忍者防具,True,0,0,0,0,0,0,5,2,517,0,2,512,5,0,5
1166,54493,0xD4DD,32,16,1.6,True,True,盗贼之铠　臂甲,防具,手臂,忍者防具,True,0,0,0,0,0,0,5,2,517,0,2,512,5,0,5
1167,50217,0xC429,35,24,2.4,True,True,盗贼之铠　膝甲,防具,腿部,忍者防具,True,0,0,0,0,0,0,5,2,517,0,2,512,5,0,5
1168,10974,0x2ADE,38,16,1.6,True,True,盗贼之铠　腿甲,防具,足部,忍者防具,True,0,0,0,0,0,0,5,2,517,0,2,512,5,0,5
1169,46552,0xB5D8,26,52,5.2,True,True,美浓宿老之铠　头盔,防具,头部,武士防具,True,0,0,0,0,0,0,6,2,518,8,2,520,0,0,0
1170,54315,0xD42B,29,104,10.4,True,True,美浓宿老之铠　胸甲,防具,身体,武士防具,True,0,0,0,0,0,0,6,2,518,8,2,520,0,0,0
1171,33293,0x820D,32,52,5.2,True,True,美浓宿老之铠　臂甲,防具,手臂,武士防具,True,0,0,0,0,0,0,6,2,518,8,2,520,0,0,0
1172,15513,0x3C99,35,78,7.8,True,True,美浓宿老之铠　膝甲,防具,腿部,武士防具,True,0,0,0,0,0,0,6,2,518,8,2,520,0,0,0
1173,39415,0x99F7,38,52,5.2,True,True,美浓宿老之铠　腿甲,防具,足部,武士防具,True,0,0,0,0,0,0,6,2,518,8,2,520,0,0,0
1174,7215,0x1C2F,26,55,5.5,True,True,盾无　头盔,防具,头部,武士防具,True,0,0,0,0,0,0,12,4,1036,13,3,781,0,0,0
1175,49800,0xC288,29,110,11.0,True,True,盾无　胸甲,防具,身体,武士防具,True,0,0,0,0,0,0,12,4,1036,13,3,781,0,0,0
1176,54162,0xD392,32,55,5.5,True,True,盾无　臂甲,防具,手臂,武士防具,True,0,0,0,0,0,0,12,4,1036,13,3,781,0,0,0
1177,886,0x0376,35,83,8.3,True,True,盾无　膝甲,防具,腿部,武士防具,True,0,0,0,0,0,0,12,4,1036,13,3,781,0,0,0
1178,64314,0xFB3A,38,55,5.5,True,True,盾无　腿甲,防具,足部,武士防具,True,0,0,0,0,0,0,12,4,1036,13,3,781,0,0,0
1179,28134,0x6DE6,26,50,5.0,True,True,东国无双之铠　头盔,防具,头部,武士防具,True,0,0,0,0,0,0,6,4,1030,6,3,774,0,0,0
1180,14145,0x3741,29,100,10.0,True,True,东国无双之铠　胸甲,防具,身体,武士防具,True,0,0,0,0,0,0,6,4,1030,6,3,774,0,0,0
1181,59353,0xE7D9,32,50,5.0,True,True,东国无双之铠　臂甲,防具,手臂,武士防具,True,0,0,0,0,0,0,6,4,1030,6,3,774,0,0,0
1182,24534,0x5FD6,35,75,7.5,True,True,东国无双之铠　膝甲,防具,腿部,武士防具,True,0,0,0,0,0,0,6,4,1030,6,3,774,0,0,0
1183,18984,0x4A28,38,50,5.0,True,True,东国无双之铠　腿甲,防具,足部,武士防具,True,0,0,0,0,0,0,6,4,1030,6,3,774,0,0,0
1184,29975,0x7517,26,54,5.4,True,True,枭雄之铠　头盔,防具,头部,武士防具,True,0,0,0,0,0,0,9,6,1545,10,6,1546,0,0,0
1185,52665,0xCDB9,29,108,10.8,True,True,枭雄之铠　胸甲,防具,身体,武士防具,True,0,0,0,0,0,0,9,6,1545,10,6,1546,0,0,0
1186,45005,0xAFCD,32,54,5.4,True,True,枭雄之铠　臂甲,防具,手臂,武士防具,True,0,0,0,0,0,0,9,6,1545,10,6,1546,0,0,0
1187,46410,0xB54A,35,81,8.1,True,True,枭雄之铠　膝甲,防具,腿部,武士防具,True,0,0,0,0,0,0,9,6,1545,10,6,1546,0,0,0
1188,20955,0x51DB,38,54,5.4,True,True,枭雄之铠　腿甲,防具,足部,武士防具,True,0,0,0,0,0,0,9,6,1545,10,6,1546,0,0,0
1189,12519,0x30E7,26,56,5.6,True,True,怪童大铠　头巾,防具,头部,武士防具,True,0,0,0,0,0,0,14,3,782,15,3,783,0,0,0
1190,51574,0xC976,29,112,11.2,True,True,怪童大铠　胸甲,防具,身体,武士防具,True,0,0,0,0,0,0,14,3,782,15,3,783,0,0,0
1191,28529,0x6F71,32,56,5.6,True,True,怪童大铠　臂甲,防具,手臂,武士防具,True,0,0,0,0,0,0,14,3,782,15,3,783,0,0,0
1192,40461,0x9E0D,35,84,8.4,True,True,怪童大铠　膝甲,防具,腿部,武士防具,True,0,0,0,0,0,0,14,3,782,15,3,783,0,0,0
1193,25862,0x6506,38,56,5.6,True,True,怪童大铠　腿甲,防具,足部,武士防具,True,0,0,0,0,0,0,14,3,782,15,3,783,0,0,0
1194,60339,0xEBB3,26,26,2.6,True,True,百鬼之铠　头盔,防具,头部,忍者防具,True,0,0,0,0,0,0,20,0,20,0,0,0,13,0,13
1195,9310,0x245E,29,52,5.2,True,True,百鬼之铠　胸甲,防具,身体,忍者防具,True,0,0,0,0,0,0,20,0,20,0,0,0,13,0,13
1196,52327,0xCC67,32,26,2.6,True,True,百鬼之铠　臂甲,防具,手臂,忍者防具,True,0,0,0,0,0,0,20,0,20,0,0,0,13,0,13
1197,3772,0x0EBC,35,39,3.9,True,True,百鬼之铠　膝甲,防具,腿部,忍者防具,True,0,0,0,0,0,0,20,0,20,0,0,0,13,0,13
1198,2105,0x0839,38,26,2.6,True,True,百鬼之铠　腿甲,防具,足部,忍者防具,True,0,0,0,0,0,0,20,0,20,0,0,0,13,0,13
1199,33260,0x81EC,26,57,5.7,True,True,崇佛诚心之铠　头盔,防具,头部,武士防具,True,0,0,0,0,0,0,18,9,2322,17,9,2321,0,0,0
1200,24618,0x602A,29,114,11.4,True,True,崇佛诚心之铠　胸甲,防具,身体,武士防具,True,0,0,0,0,0,0,18,9,2322,17,9,2321,0,0,0
1201,24074,0x5E0A,32,57,5.7,True,True,崇佛诚心之铠　臂甲,防具,手臂,武士防具,True,0,0,0,0,0,0,18,9,2322,17,9,2321,0,0,0
1202,51894,0xCAB6,35,86,8.6,True,True,崇佛诚心之铠　膝甲,防具,腿部,武士防具,True,0,0,0,0,0,0,18,9,2322,17,9,2321,0,0,0
1203,49523,0xC173,38,57,5.7,True,True,崇佛诚心之铠　腿甲,防具,足部,武士防具,True,0,0,0,0,0,0,18,9,2322,17,9,2321,0,0,0
1204,54905,0xD679,26,58,5.8,True,True,田村后裔之铠　斗笠,防具,头部,武士防具,True,0,0,0,0,0,0,19,9,2323,19,9,2323,0,0,0
1205,39858,0x9BB2,29,116,11.6,True,True,田村后裔之铠　胸甲,防具,身体,武士防具,True,0,0,0,0,0,0,19,9,2323,19,9,2323,0,0,0
1206,28482,0x6F42,32,58,5.8,True,True,田村后裔之铠　臂甲,防具,手臂,武士防具,True,0,0,0,0,0,0,19,9,2323,19,9,2323,0,0,0
1207,64316,0xFB3C,35,87,8.7,True,True,田村后裔之铠　膝甲,防具,腿部,武士防具,True,0,0,0,0,0,0,19,9,2323,19,9,2323,0,0,0
1208,62225,0xF311,38,58,5.8,True,True,田村后裔之铠　腿甲,防具,足部,武士防具,True,0,0,0,0,0,0,19,9,2323,19,9,2323,0,0,0
1209,11317,0x2C35,25,8,0.8,True,True,,防具或饰品,,装备,False,21,0,21,0,0,0,21,0,21,0,0,0,0,0,0
1210,53416,0xD0A8,28,16,1.6,True,True,,防具或饰品,,装备,False,21,0,21,0,0,0,21,0,21,0,0,0,0,0,0
1211,20597,0x5075,34,12,1.2,True,True,,防具或饰品,,装备,False,21,0,21,0,0,0,21,0,21,0,0,0,0,0,0
1212,50449,0xC511,37,8,0.8,True,True,,防具或饰品,,装备,False,21,0,21,0,0,0,21,0,21,0,0,0,0,0,0
1213,48704,0xBE40,25,15,1.5,True,True,,防具或饰品,,装备,False,21,0,21,0,0,0,0,0,0,21,0,21,0,0,0
1214,26635,0x680B,28,30,3.0,True,True,,防具或饰品,,装备,False,21,0,21,0,0,0,0,0,0,21,0,21,0,0,0
1215,478,0x01DE,34,23,2.3,True,True,,防具或饰品,,装备,False,21,0,21,0,0,0,0,0,0,21,0,21,0,0,0
1216,39726,0x9B2E,37,15,1.5,True,True,,防具或饰品,,装备,False,21,0,21,0,0,0,0,0,0,21,0,21,0,0,0
1217,21207,0x52D7,25,41,4.1,True,True,叛军浪士之铠　斗笠,防具,头部,武士防具,True,21,0,21,0,0,0,0,0,0,21,0,21,0,0,0
1218,36552,0x8EC8,28,82,8.2,True,True,叛军浪士之铠　胸甲,防具,身体,武士防具,True,21,0,21,0,0,0,0,0,0,21,0,21,0,0,0
1219,13351,0x3427,31,41,4.1,True,True,叛军浪士之铠　臂甲,防具,手臂,武士防具,True,21,0,21,0,0,0,0,0,0,21,0,21,0,0,0
1220,14256,0x37B0,34,63,6.3,True,True,叛军浪士之铠　膝甲,防具,腿部,武士防具,True,21,0,21,0,0,0,0,0,0,21,0,21,0,0,0
1221,44753,0xAED1,37,41,4.1,True,True,叛军浪士之铠　腿甲,防具,足部,武士防具,True,21,0,21,0,0,0,0,0,0,21,0,21,0,0,0
1222,41660,0xA2BC,25,41,4.1,True,True,叛军浪士之铠　斗笠,防具,头部,武士防具,True,21,0,21,0,0,0,0,0,0,21,0,21,0,0,0
1223,23478,0x5BB6,28,82,8.2,True,True,叛军浪士之铠　胸甲,防具,身体,武士防具,True,21,0,21,0,0,0,0,0,0,21,0,21,0,0,0
1224,23255,0x5AD7,31,41,4.1,True,True,叛军浪士之铠　臂甲,防具,手臂,武士防具,True,21,0,21,0,0,0,0,0,0,21,0,21,0,0,0
1225,26849,0x68E1,34,63,6.3,True,True,叛军浪士之铠　膝甲,防具,腿部,武士防具,True,21,0,21,0,0,0,0,0,0,21,0,21,0,0,0
1226,5126,0x1406,37,41,4.1,True,True,叛军浪士之铠　腿甲,防具,足部,武士防具,True,21,0,21,0,0,0,0,0,0,21,0,21,0,0,0
1227,28581,0x6FA5,25,59,5.9,True,True,百万石之铠　头盔,防具,头部,武士防具,True,22,0,22,0,0,0,0,0,0,0,0,0,23,0,23
1228,17605,0x44C5,28,118,11.8,True,True,百万石之铠　胸甲,防具,身体,武士防具,True,22,0,22,0,0,0,0,0,0,0,0,0,23,0,23
1229,42784,0xA720,31,59,5.9,True,True,百万石之铠　臂甲,防具,手臂,武士防具,True,22,0,22,0,0,0,0,0,0,0,0,0,23,0,23
1230,5697,0x1641,34,89,8.9,True,True,百万石之铠　膝甲,防具,腿部,武士防具,True,22,0,22,0,0,0,0,0,0,0,0,0,23,0,23
1231,31292,0x7A3C,37,59,5.9,True,True,百万石之铠　腿甲,防具,足部,武士防具,True,22,0,22,0,0,0,0,0,0,0,0,0,23,0,23
1232,25587,0x63F3,25,41,4.1,True,True,一玄居士之衣　面具,防具,头部,武士防具,True,22,0,22,0,0,0,0,0,0,0,0,0,23,0,23
1233,52748,0xCE0C,28,82,8.2,True,True,一玄居士之衣　上衣,防具,身体,武士防具,True,22,0,22,0,0,0,0,0,0,0,0,0,23,0,23
1234,24211,0x5E93,31,41,4.1,True,True,一玄居士之衣　袖套,防具,手臂,武士防具,True,22,0,22,0,0,0,0,0,0,0,0,0,23,0,23
1235,31571,0x7B53,34,63,6.3,True,True,一玄居士之衣　裤裙,防具,腿部,武士防具,True,22,0,22,0,0,0,0,0,0,0,0,0,23,0,23
1236,364,0x016C,37,41,4.1,True,True,一玄居士之衣　足履,防具,足部,武士防具,True,22,0,22,0,0,0,0,0,0,0,0,0,23,0,23
1237,4863,0x12FF,25,19,1.9,True,True,柳生众装束　斗笠,防具,头部,忍者防具,True,0,0,0,21,0,21,0,0,0,0,0,0,21,0,21
1238,41515,0xA22B,28,38,3.8,True,True,柳生众装束　胸甲,防具,身体,忍者防具,True,0,0,0,21,0,21,0,0,0,0,0,0,21,0,21
1239,3676,0x0E5C,31,19,1.9,True,True,柳生众装束　臂甲,防具,手臂,忍者防具,True,0,0,0,21,0,21,0,0,0,0,0,0,21,0,21
1240,35357,0x8A1D,34,29,2.9,True,True,柳生众装束　膝甲,防具,腿部,忍者防具,True,0,0,0,21,0,21,0,0,0,0,0,0,21,0,21
1241,54292,0xD414,37,19,1.9,True,True,柳生众装束　腿甲,防具,足部,忍者防具,True,0,0,0,21,0,21,0,0,0,0,0,0,21,0,21
1242,63368,0xF788,25,59,5.9,True,True,副将军之铠　头盔,防具,头部,武士防具,True,0,0,0,0,0,0,23,0,23,22,0,22,0,0,0
1243,36895,0x901F,28,118,11.8,True,True,副将军之铠　胸甲,防具,身体,武士防具,True,0,0,0,0,0,0,23,0,23,22,0,22,0,0,0
1244,45961,0xB389,31,59,5.9,True,True,副将军之铠　臂甲,防具,手臂,武士防具,True,0,0,0,0,0,0,23,0,23,22,0,22,0,0,0
1245,31842,0x7C62,34,89,8.9,True,True,副将军之铠　膝甲,防具,腿部,武士防具,True,0,0,0,0,0,0,23,0,23,22,0,22,0,0,0
1246,39675,0x9AFB,37,59,5.9,True,True,副将军之铠　腿甲,防具,足部,武士防具,True,0,0,0,0,0,0,23,0,23,22,0,22,0,0,0
1247,28301,0x6E8D,25,59,5.9,True,True,,防具或饰品,,装备,False,0,0,0,0,0,0,23,0,23,22,0,22,0,0,0
1248,62765,0xF52D,25,8,0.8,True,True,大目付忍装束　头巾,防具,头部,忍者防具,True,22,0,22,0,0,0,0,0,0,22,0,22,0,0,0
1249,21457,0x53D1,28,16,1.6,True,True,大目付忍装束　胸甲,防具,身体,忍者防具,True,22,0,22,0,0,0,0,0,0,22,0,22,0,0,0
1250,14648,0x3938,31,8,0.8,True,True,大目付忍装束　臂甲,防具,手臂,忍者防具,True,22,0,22,0,0,0,0,0,0,22,0,22,0,0,0
1251,23949,0x5D8D,34,12,1.2,True,True,大目付忍装束　膝甲,防具,腿部,忍者防具,True,22,0,22,0,0,0,0,0,0,22,0,22,0,0,0
1252,5517,0x158D,37,8,0.8,True,True,大目付忍装束　腿甲,防具,足部,忍者防具,True,22,0,22,0,0,0,0,0,0,22,0,22,0,0,0
1253,23469,0x5BAD,25,19,1.9,True,True,弁庆梦想装束　头巾,防具,头部,忍者防具,True,0,0,0,0,0,0,0,0,0,23,0,23,22,0,22
1254,34246,0x85C6,28,38,3.8,True,True,弁庆梦想装束　上衣,防具,身体,忍者防具,True,0,0,0,0,0,0,0,0,0,23,0,23,22,0,22
1255,61156,0xEEE4,31,19,1.9,True,True,弁庆梦想装束　臂甲,防具,手臂,忍者防具,True,0,0,0,0,0,0,0,0,0,23,0,23,22,0,22
1256,29430,0x72F6,34,29,2.9,True,True,弁庆梦想装束　裤裙,防具,腿部,忍者防具,True,0,0,0,0,0,0,0,0,0,23,0,23,22,0,22
1257,12541,0x30FD,37,19,1.9,True,True,弁庆梦想装束　草鞋,防具,足部,忍者防具,True,0,0,0,0,0,0,0,0,0,23,0,23,22,0,22
1258,48266,0xBC8A,24,18,1.8,True,True,智慧伊豆之衣　头巾,防具,头部,武士防具,True,0,0,0,0,0,0,0,0,0,22,0,22,22,0,22
1259,32010,0x7D0A,27,36,3.6,True,True,智慧伊豆之衣　肩衣,防具,身体,武士防具,True,0,0,0,0,0,0,0,0,0,22,0,22,22,0,22
1260,34651,0x875B,30,18,1.8,True,True,智慧伊豆之衣　臂甲,防具,手臂,武士防具,True,0,0,0,0,0,0,0,0,0,22,0,22,22,0,22
1261,54835,0xD633,33,27,2.7,True,True,智慧伊豆之衣　裤裙,防具,腿部,武士防具,True,0,0,0,0,0,0,0,0,0,22,0,22,22,0,22
1262,32844,0x804C,36,18,1.8,True,True,智慧伊豆之衣　草鞋,防具,足部,武士防具,True,0,0,0,0,0,0,0,0,0,22,0,22,22,0,22
1263,18843,0x499B,24,18,1.8,True,True,,防具或饰品,,装备,False,0,0,0,0,0,0,0,0,0,22,0,22,22,0,22
1264,48705,0xBE41,27,36,3.6,True,True,,防具或饰品,,装备,False,0,0,0,0,0,0,0,0,0,22,0,22,22,0,22
1265,17819,0x459B,30,18,1.8,True,True,,防具或饰品,,装备,False,0,0,0,0,0,0,0,0,0,22,0,22,22,0,22
1266,43096,0xA858,33,27,2.7,True,True,,防具或饰品,,装备,False,0,0,0,0,0,0,0,0,0,22,0,22,22,0,22
1267,2211,0x08A3,36,18,1.8,True,True,,防具或饰品,,装备,False,0,0,0,0,0,0,0,0,0,22,0,22,22,0,22
1268,1048,0x0418,27,36,3.6,True,True,又右卫门之衣　胸甲,防具,身体,武士防具,True,22,0,22,0,0,0,0,0,0,22,0,22,0,0,0
1269,58067,0xE2D3,30,18,1.8,True,True,又右卫门之衣　臂甲,防具,手臂,武士防具,True,22,0,22,0,0,0,0,0,0,22,0,22,0,0,0
1270,13261,0x33CD,33,27,2.7,True,True,又右卫门之衣　膝甲,防具,腿部,武士防具,True,22,0,22,0,0,0,0,0,0,22,0,22,0,0,0
1271,6254,0x186E,36,18,1.8,True,True,又右卫门之衣　腿甲,防具,足部,武士防具,True,22,0,22,0,0,0,0,0,0,22,0,22,0,0,0
1272,55167,0xD77F,25,41,4.1,True,True,独眼剑豪之衣　斗笠,防具,头部,武士防具,True,21,0,21,0,0,0,0,0,0,0,0,0,21,0,21
1273,32876,0x806C,28,82,8.2,True,True,独眼剑豪之衣　胸甲,防具,身体,武士防具,True,21,0,21,0,0,0,0,0,0,0,0,0,21,0,21
1274,12987,0x32BB,31,41,4.1,True,True,独眼剑豪之衣　臂甲,防具,手臂,武士防具,True,21,0,21,0,0,0,0,0,0,0,0,0,21,0,21
1275,38271,0x957F,34,63,6.3,True,True,独眼剑豪之衣　膝甲,防具,腿部,武士防具,True,21,0,21,0,0,0,0,0,0,0,0,0,21,0,21
1276,39891,0x9BD3,37,41,4.1,True,True,独眼剑豪之衣　腿甲,防具,足部,武士防具,True,21,0,21,0,0,0,0,0,0,0,0,0,21,0,21
1277,6304,0x18A0,25,15,1.5,True,True,,防具或饰品,,装备,False,21,0,21,0,0,0,0,0,0,21,0,21,0,0,0
1278,43048,0xA828,28,30,3.0,True,True,,防具或饰品,,装备,False,21,0,21,0,0,0,0,0,0,21,0,21,0,0,0
1279,34493,0x86BD,31,15,1.5,True,True,,防具或饰品,,装备,False,21,0,21,0,0,0,0,0,0,21,0,21,0,0,0
1280,33762,0x83E2,34,23,2.3,True,True,,防具或饰品,,装备,False,21,0,21,0,0,0,0,0,0,21,0,21,0,0,0
1281,7136,0x1BE0,37,15,1.5,True,True,,防具或饰品,,装备,False,21,0,21,0,0,0,0,0,0,21,0,21,0,0,0
1282,59899,0xE9FB,24,18,1.8,True,True,,防具或饰品,,装备,False,0,4,1024,0,0,0,10,0,10,0,0,0,11,5,1291
1283,4950,0x1356,27,36,3.6,True,True,,防具或饰品,,装备,False,0,4,1024,0,0,0,10,0,10,0,0,0,11,5,1291
1284,18217,0x4729,30,18,1.8,True,True,,防具或饰品,,装备,False,0,4,1024,0,0,0,10,0,10,0,0,0,11,5,1291
1285,60240,0xEB50,33,27,2.7,True,True,,防具或饰品,,装备,False,0,4,1024,0,0,0,10,0,10,0,0,0,11,5,1291
1286,12612,0x3144,36,18,1.8,True,True,,防具或饰品,,装备,False,0,4,1024,0,0,0,10,0,10,0,0,0,11,5,1291
1287,3416,0x0D58,25,17,1.7,True,True,,防具或饰品,,装备,False,21,0,21,0,0,0,21,9,2325,21,9,2325,0,0,0
1288,19079,0x4A87,28,34,3.4,True,True,,防具或饰品,,装备,False,21,0,21,0,0,0,21,9,2325,21,9,2325,0,0,0
1289,16914,0x4212,31,17,1.7,True,True,,防具或饰品,,装备,False,21,0,21,0,0,0,21,9,2325,21,9,2325,0,0,0
1290,18398,0x47DE,34,26,2.6,True,True,,防具或饰品,,装备,False,21,0,21,0,0,0,21,9,2325,21,9,2325,0,0,0
1291,4873,0x1309,37,17,1.7,True,True,,防具或饰品,,装备,False,21,0,21,0,0,0,21,9,2325,21,9,2325,0,0,0
1292,54687,0xD59F,26,45,4.5,True,True,,防具,,忍者防具,False,0,0,0,0,0,0,0,9,2304,11,9,2315,0,0,0
1293,31816,0x7C48,29,90,9.0,True,True,,防具,,忍者防具,False,0,0,0,0,0,0,0,9,2304,11,9,2315,0,0,0
1294,45888,0xB340,32,45,4.5,True,True,,防具,,忍者防具,False,0,0,0,0,0,0,0,9,2304,11,9,2315,0,0,0
1295,8995,0x2323,35,68,6.8,True,True,,防具,,忍者防具,False,0,0,0,0,0,0,0,9,2304,11,9,2315,0,0,0
1296,11011,0x2B03,38,45,4.5,True,True,,防具,,忍者防具,False,0,0,0,0,0,0,0,9,2304,11,9,2315,0,0,0
1297,35148,0x894C,26,46,4.6,True,True,,防具,,忍者防具,False,0,0,0,0,0,0,0,9,2304,11,9,2315,0,0,0
1298,39556,0x9A84,29,92,9.2,True,True,,防具,,忍者防具,False,0,0,0,0,0,0,0,9,2304,11,9,2315,0,0,0
1299,14187,0x376B,32,46,4.6,True,True,,防具,,忍者防具,False,0,0,0,0,0,0,0,9,2304,11,9,2315,0,0,0
1300,55630,0xD94E,35,69,6.9,True,True,,防具,,忍者防具,False,0,0,0,0,0,0,0,9,2304,11,9,2315,0,0,0
1301,10893,0x2A8D,38,46,4.6,True,True,,防具,,忍者防具,False,0,0,0,0,0,0,0,9,2304,11,9,2315,0,0,0
1302,58443,0xE44B,26,47,4.7,True,True,,防具,,忍者防具,False,0,0,0,0,0,0,0,9,2304,11,9,2315,0,0,0
1303,3504,0x0DB0,29,94,9.4,True,True,,防具,,忍者防具,False,0,0,0,0,0,0,0,9,2304,11,9,2315,0,0,0
1304,5559,0x15B7,32,47,4.7,True,True,,防具,,忍者防具,False,0,0,0,0,0,0,0,9,2304,11,9,2315,0,0,0
1305,17521,0x4471,35,71,7.1,True,True,,防具,,忍者防具,False,0,0,0,0,0,0,0,9,2304,11,9,2315,0,0,0
1306,46880,0xB720,38,47,4.7,True,True,,防具,,忍者防具,False,0,0,0,0,0,0,0,9,2304,11,9,2315,0,0,0
1307,55517,0xD8DD,26,48,4.8,True,True,,防具,,忍者防具,False,0,0,0,0,0,0,0,9,2304,11,9,2315,0,0,0
1308,9240,0x2418,29,96,9.6,True,True,,防具,,忍者防具,False,0,0,0,0,0,0,0,9,2304,11,9,2315,0,0,0
1309,58523,0xE49B,32,48,4.8,True,True,,防具,,忍者防具,False,0,0,0,0,0,0,0,9,2304,11,9,2315,0,0,0
1310,56456,0xDC88,35,72,7.2,True,True,,防具,,忍者防具,False,0,0,0,0,0,0,0,9,2304,11,9,2315,0,0,0
1311,18930,0x49F2,38,48,4.8,True,True,,防具,,忍者防具,False,0,0,0,0,0,0,0,9,2304,11,9,2315,0,0,0
1312,48392,0xBD08,26,49,4.9,True,True,,防具,,忍者防具,False,0,0,0,0,0,0,0,9,2304,11,9,2315,0,0,0
1313,44732,0xAEBC,29,98,9.8,True,True,,防具,,忍者防具,False,0,0,0,0,0,0,0,9,2304,11,9,2315,0,0,0
1314,9394,0x24B2,32,49,4.9,True,True,,防具,,忍者防具,False,0,0,0,0,0,0,0,9,2304,11,9,2315,0,0,0
1315,23645,0x5C5D,35,74,7.4,True,True,,防具,,忍者防具,False,0,0,0,0,0,0,0,9,2304,11,9,2315,0,0,0
1316,51280,0xC850,38,49,4.9,True,True,,防具,,忍者防具,False,0,0,0,0,0,0,0,9,2304,11,9,2315,0,0,0
1317,65103,0xFE4F,26,50,5.0,True,True,,防具,,忍者防具,False,0,0,0,0,0,0,0,9,2304,11,9,2315,0,0,0
1318,8356,0x20A4,29,100,10.0,True,True,,防具,,忍者防具,False,0,0,0,0,0,0,0,9,2304,11,9,2315,0,0,0
1319,36,0x0024,32,50,5.0,True,True,,防具,,忍者防具,False,0,0,0,0,0,0,0,9,2304,11,9,2315,0,0,0
1320,5312,0x14C0,35,75,7.5,True,True,,防具,,忍者防具,False,0,0,0,0,0,0,0,9,2304,11,9,2315,0,0,0
1321,53903,0xD28F,38,50,5.0,True,True,,防具,,忍者防具,False,0,0,0,0,0,0,0,9,2304,11,9,2315,0,0,0
1322,26615,0x67F7,26,51,5.1,True,True,,防具,,忍者防具,False,0,0,0,0,0,0,0,9,2304,11,9,2315,0,0,0
1323,27067,0x69BB,29,102,10.2,True,True,,防具,,忍者防具,False,0,0,0,0,0,0,0,9,2304,11,9,2315,0,0,0
1324,23903,0x5D5F,32,51,5.1,True,True,,防具,,忍者防具,False,0,0,0,0,0,0,0,9,2304,11,9,2315,0,0,0
1325,60020,0xEA74,35,77,7.7,True,True,,防具,,忍者防具,False,0,0,0,0,0,0,0,9,2304,11,9,2315,0,0,0
1326,38677,0x9715,38,51,5.1,True,True,,防具,,忍者防具,False,0,0,0,0,0,0,0,9,2304,11,9,2315,0,0,0
1327,16432,0x4030,26,52,5.2,True,True,,防具,,忍者防具,False,0,0,0,0,0,0,0,9,2304,11,9,2315,0,0,0
1328,36084,0x8CF4,29,104,10.4,True,True,,防具,,忍者防具,False,0,0,0,0,0,0,0,9,2304,11,9,2315,0,0,0
1329,6838,0x1AB6,32,52,5.2,True,True,,防具,,忍者防具,False,0,0,0,0,0,0,0,9,2304,11,9,2315,0,0,0
1330,48666,0xBE1A,35,78,7.8,True,True,,防具,,忍者防具,False,0,0,0,0,0,0,0,9,2304,11,9,2315,0,0,0
1331,44061,0xAC1D,38,52,5.2,True,True,,防具,,忍者防具,False,0,0,0,0,0,0,0,9,2304,11,9,2315,0,0,0
1332,19000,0x4A38,26,53,5.3,True,True,,防具,,忍者防具,False,0,0,0,0,0,0,0,9,2304,11,9,2315,0,0,0
1333,63987,0xF9F3,29,106,10.6,True,True,,防具,,忍者防具,False,0,0,0,0,0,0,0,9,2304,11,9,2315,0,0,0
1334,48333,0xBCCD,32,53,5.3,True,True,,防具,,忍者防具,False,0,0,0,0,0,0,0,9,2304,11,9,2315,0,0,0
1335,53701,0xD1C5,35,80,8.0,True,True,,防具,,忍者防具,False,0,0,0,0,0,0,0,9,2304,11,9,2315,0,0,0
1336,3737,0x0E99,38,53,5.3,True,True,,防具,,忍者防具,False,0,0,0,0,0,0,0,9,2304,11,9,2315,0,0,0
1337,65430,0xFF96,26,55,5.5,True,True,,防具,,忍者防具,False,0,0,0,0,0,0,0,9,2304,11,9,2315,0,0,0
1338,64059,0xFA3B,29,110,11.0,True,True,,防具,,忍者防具,False,0,0,0,0,0,0,0,9,2304,11,9,2315,0,0,0
1339,57803,0xE1CB,32,55,5.5,True,True,,防具,,忍者防具,False,0,0,0,0,0,0,0,9,2304,11,9,2315,0,0,0
1340,15944,0x3E48,35,83,8.3,True,True,,防具,,忍者防具,False,0,0,0,0,0,0,0,9,2304,11,9,2315,0,0,0
1341,29597,0x739D,38,55,5.5,True,True,,防具,,忍者防具,False,0,0,0,0,0,0,0,9,2304,11,9,2315,0,0,0
1342,58876,0xE5FC,24,7,0.7,True,True,女面,防具,头部,忍者防具,True,8,2,520,0,0,0,0,0,0,0,0,0,8,2,520
1343,54770,0xD5F2,24,16,1.6,True,True,木灵碗,防具,头部,忍者防具,True,0,2,512,0,0,0,5,0,5,0,0,0,5,3,773
1344,58834,0xE5D2,26,45,4.5,True,True,黑漆涂雁金形盔,防具,头部,武士防具,True,0,0,0,0,0,0,5,3,773,5,2,517,0,0,0
1345,1814,0x0716,24,7,0.7,True,True,翁面,防具,头部,忍者防具,True,8,3,776,0,0,0,0,0,0,0,0,0,8,3,776
1346,57636,0xE124,26,36,3.6,True,True,猪前立头盔,防具,头部,武士防具,True,8,0,8,0,0,0,0,3,768,8,3,776,0,0,0
1347,2537,0x09E9,24,17,1.7,True,True,天狗面,防具,头部,忍者防具,True,0,3,768,0,0,0,8,0,8,0,0,0,8,3,776
1348,4257,0x10A1,24,17,1.7,True,True,般若面,防具,头部,忍者防具,True,0,3,768,0,0,0,8,0,8,0,0,0,8,3,776
1349,6877,0x1ADD,24,38,3.8,True,True,扇前立头盔,防具,头部,武士防具,True,13,3,781,0,0,0,0,0,0,13,0,13,0,4,1024
1350,52172,0xCBCC,24,8,0.8,True,True,黑狐面,防具,头部,忍者防具,True,18,4,1042,0,0,0,0,0,0,0,0,0,18,4,1042
1351,24462,0x5F8E,24,8,0.8,True,True,白狐面,防具,头部,忍者防具,True,13,4,1037,0,0,0,0,0,0,0,0,0,13,4,1037
1352,56727,0xDD97,25,36,3.6,True,True,三钴剑前立头盔,防具,头部,武士防具,True,8,4,1032,0,0,0,0,0,0,8,4,1032,0,0,0
1353,42723,0xA6E3,25,33,3.3,True,True,蝾螺形盔,防具,头部,武士防具,True,5,5,1285,0,0,0,0,0,0,5,5,1285,0,0,0
1354,43454,0xA9BE,24,18,1.8,True,True,怨灵面,防具,头部,忍者防具,True,0,5,1280,0,0,0,18,0,18,0,0,0,18,5,1298
1355,35123,0x8933,26,51,5.1,True,True,铁三枚张峰界形盔,防具,头部,武士防具,True,0,0,0,0,0,0,8,5,1288,8,5,1288,0,0,0
1356,54439,0xD4A7,24,18,1.8,True,True,鬼神面,防具,头部,忍者防具,True,0,6,1536,0,0,0,13,0,13,0,0,0,13,6,1549
1357,4341,0x10F5,25,36,3.6,True,True,六字名号头盔,防具,头部,武士防具,True,8,6,1544,0,0,0,0,0,0,8,6,1544,0,0,0
1358,4023,0x0FB7,26,17,1.7,True,True,稿编笠形盔,防具,头部,武士防具,True,18,0,18,0,0,0,0,6,1536,0,6,1536,18,0,18
1359,60752,0xED50,25,56,5.6,True,True,爱字前立头盔,防具,头部,武士防具,True,0,6,1536,0,0,0,18,0,18,18,6,1554,0,0,0
1360,25962,0x656A,25,36,3.6,True,True,改良冠形盔,防具,头部,武士防具,True,8,6,1544,0,0,0,0,0,0,8,7,1800,0,0,0
1361,50203,0xC41B,25,15,1.5,True,True,龙头形盔,防具,头部,武士防具,True,8,7,1800,0,0,0,0,0,0,0,7,1792,8,0,8
1362,16415,0x401F,25,15,1.5,True,True,蜷曲蛇形盔,防具,头部,武士防具,True,5,7,1797,0,0,0,0,0,0,0,7,1792,5,0,5
1363,21652,0x5494,26,51,5.1,True,True,毛虫前立鸟毛胁立头盔,防具,头部,武士防具,True,0,0,0,0,0,0,8,7,1800,8,7,1800,0,0,0
1364,61508,0xF044,25,51,5.1,True,True,富士山形盔,防具,头部,武士防具,True,0,7,1792,0,0,0,8,0,8,8,8,2056,0,0,0
1365,16655,0x410F,25,6,0.6,True,True,修罗护颊,防具,头部,忍者防具,True,5,8,2053,0,0,0,0,0,0,0,8,2048,5,0,5
1366,32835,0x8043,25,15,1.5,True,True,螺形乌帽子,防具,头部,武士防具,True,5,8,2053,0,0,0,0,0,0,0,8,2048,5,0,5
1367,27555,0x6BA3,24,15,1.5,True,True,千千古头盔,防具,头部,武士防具,True,5,7,1797,0,0,0,0,0,0,0,0,0,5,7,1797
1368,30531,0x7743,26,33,3.3,True,True,草薙形盔,防具,头部,武士防具,True,5,0,5,0,0,0,0,7,1792,5,7,1797,0,0,0
1369,48042,0xBBAA,24,16,1.6,True,True,丛云形盔,防具,头部,忍者防具,True,0,7,1792,0,0,0,5,0,5,0,0,0,5,8,2053
1371,15717,0x3D65,26,18,1.8,True,True,风神头盔,防具,头部,忍者防具,True,0,0,0,0,0,0,18,8,2066,0,8,2048,18,0,18
1372,19777,0x4D41,25,39,3.9,True,True,雷神头盔,防具,头部,武士防具,True,18,8,2066,0,0,0,0,0,0,18,8,2066,0,0,0
1373,46045,0xB3DD,25,39,3.9,True,True,总黑熊毛植盔,防具,头部,武士防具,True,18,8,2066,0,0,0,0,0,0,18,8,2066,0,0,0
1374,26084,0x65E4,26,51,5.1,True,True,一之谷形盔,防具,头部,武士防具,True,0,0,0,0,0,0,8,8,2056,8,8,2056,0,0,0
1375,2551,0x09F7,25,15,1.5,True,True,神符八日月前立头盔,防具,头部,武士防具,True,8,8,2056,0,0,0,0,0,0,0,8,2048,8,0,8
1376,57300,0xDFD4,25,56,5.6,True,True,日轮前立头盔,防具,头部,武士防具,True,0,8,2048,0,0,0,18,0,18,18,8,2066,0,0,0
1377,21100,0x526C,24,16,1.6,True,True,善擦帽子,防具,头部,忍者防具,True,0,5,1280,0,0,0,5,0,5,0,0,0,5,5,1285
1378,21085,0x525D,24,16,1.6,True,True,善擦帽子,防具,头部,忍者防具,True,0,5,1280,0,0,0,5,0,5,0,0,0,5,5,1285
1379,44124,0xAC5C,24,16,1.6,True,True,善擦帽子,防具,头部,忍者防具,True,0,5,1280,0,0,0,5,0,5,0,0,0,5,5,1285
1380,43978,0xABCA,24,16,1.6,True,True,善擦帽子,防具,头部,忍者防具,True,0,5,1280,0,0,0,5,0,5,0,0,0,5,5,1285
1381,19357,0x4B9D,24,16,1.6,True,True,善擦帽子,防具,头部,忍者防具,True,0,5,1280,0,0,0,5,0,5,0,0,0,5,5,1285
1382,1028,0x0404,24,16,1.6,True,True,善擦帽子,防具,头部,忍者防具,True,0,5,1280,0,0,0,5,0,5,0,0,0,5,5,1285
1383,15950,0x3E4E,24,16,1.6,True,True,善擦帽子,防具,头部,忍者防具,True,0,5,1280,0,0,0,5,0,5,0,0,0,5,5,1285
1384,1477,0x05C5,24,16,1.6,True,True,善擦帽子,防具,头部,忍者防具,True,0,5,1280,0,0,0,5,0,5,0,0,0,5,5,1285
1385,56385,0xDC41,24,16,1.6,True,True,善擦帽子,防具,头部,忍者防具,True,0,5,1280,0,0,0,5,0,5,0,0,0,5,5,1285
1386,7145,0x1BE9,24,16,1.6,True,True,善擦帽子,防具,头部,忍者防具,True,0,5,1280,0,0,0,5,0,5,0,0,0,5,5,1285
1387,21505,0x5401,24,16,1.6,True,True,夜袭护颊,防具,头部,武士防具,True,13,3,781,0,0,0,0,0,0,0,0,0,13,3,781
1388,27184,0x6A30,24,7,0.7,True,True,女面,防具,头部,忍者防具,True,8,2,520,0,0,0,0,0,0,0,0,0,8,2,520
1389,42370,0xA582,24,18,1.8,True,True,怨灵面,防具,头部,忍者防具,True,0,5,1280,0,0,0,18,0,18,0,0,0,18,5,1298
1390,54383,0xD46F,26,45,4.5,True,True,黑漆涂雁金形盔,防具,头部,武士防具,True,0,0,0,0,0,0,5,3,773,5,2,517,0,0,0
1391,53118,0xCF7E,24,7,0.7,True,True,翁面,防具,头部,忍者防具,True,8,3,776,0,0,0,0,0,0,0,0,0,8,3,776
1392,34856,0x8828,24,18,1.8,True,True,鬼神面,防具,头部,忍者防具,True,0,6,1536,0,0,0,13,0,13,0,0,0,13,6,1549
1393,60242,0xEB52,24,17,1.7,True,True,天狗面,防具,头部,忍者防具,True,0,3,768,0,0,0,8,0,8,0,0,0,8,3,776
1394,58964,0xE654,24,17,1.7,True,True,般若面,防具,头部,忍者防具,True,0,3,768,0,0,0,8,0,8,0,0,0,8,3,776
1395,8873,0x22A9,24,38,3.8,True,True,扇前立头盔,防具,头部,武士防具,True,13,3,781,0,0,0,0,0,0,13,0,13,0,4,1024
1396,9569,0x2561,24,8,0.8,True,True,黑狐面,防具,头部,忍者防具,True,18,4,1042,0,0,0,0,0,0,0,0,0,18,4,1042
1397,16580,0x40C4,24,8,0.8,True,True,白狐面,防具,头部,忍者防具,True,13,4,1037,0,0,0,0,0,0,0,0,0,13,4,1037
1398,13547,0x34EB,24,16,1.6,True,True,夜袭护颊,防具,头部,武士防具,True,13,3,781,0,0,0,0,0,0,0,0,0,13,3,781
