name_zh_CN,name_ja_JP,name_en_US,player_family,native_roles,viable_classes_for_single_requirement,enabled_playthroughs_union,candidate_keys,candidate_rows,costs,candidate_count,family_rule
一反木棉,一反木綿,Flying Bolt,O,0,1;2,1;2;3;4;5,0x000A1E6C,361,1.5,1,"Structurally available to classes 1 and 2. It can coexist with other O requirements, or with at most one requirement assigned to B in class 1."
一目连,一目連,Ichimokuren,O,1,1;2,1;2;3;4;5,0x0006DE91,292,3,1,"Structurally available to classes 1 and 2. It can coexist with other O requirements, or with at most one requirement assigned to B in class 1."
乌鸦天狗,烏天狗,Karasu Tengu,O,1,1;2,1;2;3;4;5,0x0003D18B;0x000ED0D6,331;482,3,2,"Structurally available to classes 1 and 2. It can coexist with other O requirements, or with at most one requirement assigned to B in class 1."
亡骸武者,骸武者,Skeleton Warrior,O,0;1;2,1;2,1;2;3;4;5,0x00028204;0x0003B38C;0x0005040C;0x00056793;0x0006A2C9;0x000892BB;0x0008BC99;0x000BCC5B;0x000CB09A;0x000CD93B;0x000E3769;0x000ED6B1,310;311;312;313;314;315;316;317;318;319;320;321,1;2,12,"Structurally available to classes 1 and 2. It can coexist with other O requirements, or with at most one requirement assigned to B in class 1."
人鱼,人魚,Mermaid,O,1,1;2,1;2;3;4;5,0x000C18A9,280,1.5,1,"Structurally available to classes 1 and 2. It can coexist with other O requirements, or with at most one requirement assigned to B in class 1."
以津真天,以津真天,Itsumade,O,1,1;2,1;2;3;4;5,0x00031F5A;0x00069D5B,355;484,3,2,"Structurally available to classes 1 and 2. It can coexist with other O requirements, or with at most one requirement assigned to B in class 1."
冰柱女,つらら女,Tsurara-onna,O,1,1;2,1;2;3;4;5,0x0007F476,304,3,1,"Structurally available to classes 1 and 2. It can coexist with other O requirements, or with at most one requirement assigned to B in class 1."
叛军浪士,反乱軍浪士,Rebel Ronin,O,0;1;2;3,1;2,1;2;3;4;5,0x00006354;0x00009A4B;0x0000BBA9;0x00013234;0x00017C40;0x0001E160;0x0002298C;0x00033200;0x0004CEE0;0x0004D32A;0x0004F957;0x000562F0;0x00059ABC;0x0005F336;0x00062DB2;0x00064CE7;0x00067DD2;0x00089477;0x00089E82;0x0008CB62;0x0008F61C;0x00097017;0x000A2213;0x000AA721;0x000AC4C4;0x000B2BEA;0x000BFCD8;0x000C2B8E;0x000CC558;0x000D2EDC;0x000DEB5D;0x000EEC01,87;88;89;90;91;92;93;94;95;96;97;98;99;100;101;102;103;104;105;106;107;108;109;110;111;112;113;114;115;116;117;118,1;2,32,"Structurally available to classes 1 and 2. It can coexist with other O requirements, or with at most one requirement assigned to B in class 1."
古笼火,古籠火,Koroka,O,1,1;2,1;2;3;4;5,0x0006C300;0x0008BC34,359;485,1.5,2,"Structurally available to classes 1 and 2. It can coexist with other O requirements, or with at most one requirement assigned to B in class 1."
地狱蜂,地獄蜂,Crucible Wasp,O,0,1;2,1;2;3;4;5,0x00041F70;0x00053CC1;0x000D6D7F,277;278;279,1,3,"Structurally available to classes 1 and 2. It can coexist with other O requirements, or with at most one requirement assigned to B in class 1."
垢尝,垢嘗,Akaname,O,0,1;2,1;2;3;4;5,0x00056F1F,303,1,1,"Structurally available to classes 1 and 2. It can coexist with other O requirements, or with at most one requirement assigned to B in class 1."
外道兵,外道兵,Aberrant Soldier,O,0;2,1;2,1;2;3;4;5,0x000087F5;0x0002C560;0x0002DF3B;0x0002E19A;0x0004A551;0x0004A640;0x0005410A;0x00054F6F;0x00068029;0x0006AD14;0x0007BD90;0x000AE8E8;0x000BD464;0x000C05A4;0x000D61F1;0x000DE7CB;0x000E0650;0x000F3526,370;371;372;373;374;375;376;377;378;379;380;381;382;383;384;385;386;387,1.5,18,"Structurally available to classes 1 and 2. It can coexist with other O requirements, or with at most one requirement assigned to B in class 1."
夜叉,夜叉,Yasha,O,1,1;2,1;2;3;4;5,0x00088F10,369,3,1,"Structurally available to classes 1 and 2. It can coexist with other O requirements, or with at most one requirement assigned to B in class 1."
夜行兵,夜行兵,Yagyo Soldier,O,1,1;2,1;2;3;4;5,0x0002D571;0x0003EFC9;0x000545A1;0x000ACB89,271;272;273;480,2;3,4,"Structurally available to classes 1 and 2. It can coexist with other O requirements, or with at most one requirement assigned to B in class 1."
妖蟹,化け蟹,Bakegani,O,0;1;2;3,1;2,1;2;3;4;5,0x00001AB5;0x000061EB;0x0000CB88;0x0003B1B8;0x0004CF03;0x00073BAB;0x000A8833;0x000C3FF5,335;336;337;338;339;340;341;342,1;3,8,"Structurally available to classes 1 and 2. It can coexist with other O requirements, or with at most one requirement assigned to B in class 1."
妖鬼,妖鬼,Yoki,O,1,1;2,1;2;3;4;5,0x0002E05C;0x000F3EB0,305;306,3,2,"Structurally available to classes 1 and 2. It can coexist with other O requirements, or with at most one requirement assigned to B in class 1."
姑获鸟,姑獲鳥,Ubume,O,1,1;2,1;2;3;4;5,0x00068CA6,360,2,1,"Structurally available to classes 1 and 2. It can coexist with other O requirements, or with at most one requirement assigned to B in class 1."
子泣爷爷,子泣き爺,Konaki-Jiji,O,1,1;2,1;2;3;4;5,0x000EE98E,356,3,1,"Structurally available to classes 1 and 2. It can coexist with other O requirements, or with at most one requirement assigned to B in class 1."
小海坊主,小海坊主,Lesser Umi-bozu,O,0,1;2,1;2;3;4;5,0x0001B70C;0x000ECDB4,329;330,1.5,2,"Structurally available to classes 1 and 2. It can coexist with other O requirements, or with at most one requirement assigned to B in class 1."
山姥,山姥,Yamanba,O,1,1;2,1;2;3;4;5,0x000D2B55,357,1.5,1,"Structurally available to classes 1 and 2. It can coexist with other O requirements, or with at most one requirement assigned to B in class 1."
山彦,やまびこ,Yamabiko,O,0;2,1;2,1;2;3;4;5,0x000481B0;0x000DEE24,274;275,1.5,2,"Structurally available to classes 1 and 2. It can coexist with other O requirements, or with at most one requirement assigned to B in class 1."
山狗,山狗,Yamainu,O,1,1;2,1;2;3;4;5,0x000643F5,267,3,1,"Structurally available to classes 1 and 2. It can coexist with other O requirements, or with at most one requirement assigned to B in class 1."
幕府兵,幕府兵士,Shogunate Soldier,O,0;1;2;3,1;2,1;2;3;4;5,0x00000A49;0x0001E927;0x0002F4E8;0x0003D866;0x0004030D;0x00042335;0x000567D9;0x0006673E;0x0007B7FD;0x0007FE51;0x00084550;0x0009C127;0x000AF0CB;0x000B17EF;0x000B28B2;0x000B444D;0x000C784C;0x000CD008;0x000DEC05;0x000E4C3D;0x000E9105;0x000E937E,16;17;18;19;20;21;22;23;24;25;26;27;28;29;30;31;32;33;34;35;36;37,1;2,22,"Structurally available to classes 1 and 2. It can coexist with other O requirements, or with at most one requirement assigned to B in class 1."
幽鬼,幽鬼,Grudge Spirit,O,0,1;2,1;2;3;4;5,0x00077FDE,301,0.5,1,"Structurally available to classes 1 and 2. It can coexist with other O requirements, or with at most one requirement assigned to B in class 1."
忍者,忍者,Ninja,O,0,1;2,1;2;3;4;5,0x00002EEE;0x000293AD;0x000376AB;0x0004D880;0x0008146A;0x0009DD3B;0x000E3778;0x000E88CF,156;157;158;159;160;161;162;163,1.5,8,"Structurally available to classes 1 and 2. It can coexist with other O requirements, or with at most one requirement assigned to B in class 1."
忍者妖鬼,忍者妖鬼,Ninja Yoki,O,1;3,1;2,1;2;3;4;5,0x0005DB6E;0x000816E0;0x00091E1A,307;308;309,3,3,"Structurally available to classes 1 and 2. It can coexist with other O requirements, or with at most one requirement assigned to B in class 1."
撒沙婆婆,砂かけ婆,Sunakake-baba,O,1,1;2,1;2;3;4;5,0x000AA34F,276,3,1,"Structurally available to classes 1 and 2. It can coexist with other O requirements, or with at most one requirement assigned to B in class 1."
敷次郎,敷次郎,Dweller,O,0;1;2,1;2,1;2;3;4;5,0x00062699;0x00082783;0x000E2E6D,322;323;324,1;2,3,"Structurally available to classes 1 and 2. It can coexist with other O requirements, or with at most one requirement assigned to B in class 1."
新选组队士,新選組隊士,Shinsengumi Member,O,0;1;2;3,1;2,1;2;3;4;5,0x0000A4C3;0x0001367D;0x00017D62;0x0001F5CD;0x000274AF;0x0002953C;0x00051150;0x0005B9BD;0x000769D2;0x00080174;0x00091E01;0x000987EF;0x000C3309;0x000F203D;0x000F281F,38;39;40;41;42;43;44;45;46;47;48;49;50;51;52,1;2,15,"Structurally available to classes 1 and 2. It can coexist with other O requirements, or with at most one requirement assigned to B in class 1."
旗本武士,旗本,Vassal,O,0;1;2;3,1;2,1;2;3;4;5,0x00003A9B;0x00004143;0x000062BB;0x0000971F;0x000178D1;0x00026F2B;0x00028658;0x00029202;0x00038869;0x0003B29F;0x0004D493;0x00056DC1;0x00058EF8;0x00079974;0x000968CC;0x000A4267;0x000AE324;0x000B3B92;0x000BA5BA;0x000CBA8B;0x000E2398;0x000F3DCB,53;54;55;56;57;58;59;60;61;62;63;64;65;66;67;68;69;70;71;72;73;74,1;2,22,"Structurally available to classes 1 and 2. It can coexist with other O requirements, or with at most one requirement assigned to B in class 1."
朱盆,朱の盆,Shunobon,O,0;2,1;2,1;2;3;4;5,0x000300B8;0x00053347;0x0005E52D;0x00060E01;0x00097AD6;0x000A697F;0x000DF255;0x000E0BB4,284;285;286;287;288;289;290;291,1,8,"Structurally available to classes 1 and 2. It can coexist with other O requirements, or with at most one requirement assigned to B in class 1."
棘饿鬼,茨餓鬼,Thorned Gaki,O,0;2,1;2,1;2;3;4;5,0x000144D6;0x0002CD16;0x00099C30;0x000BF939,296;297;298;299,1;1.5,4,"Structurally available to classes 1 and 2. It can coexist with other O requirements, or with at most one requirement assigned to B in class 1."
武田士兵,武田兵士,Takeda Soldier,O,0;1;2;3,1;2,1;2;3;4;5,0x000010A6;0x0000645D;0x0000659C;0x0000ABB5;0x00014916;0x000157E8;0x00015F4F;0x00025080;0x0002ADEE;0x0004027F;0x00045389;0x00046086;0x0004CD69;0x0004E9BB;0x000538F8;0x0005A605;0x0005DEAF;0x00067405;0x00068DB9;0x00068E9D;0x0006EA62;0x00078067;0x00081C1A;0x00083666;0x00093457;0x00094B8D;0x000B1078;0x000B2C5F;0x000C1AB4;0x000CB4AC;0x000D5745;0x000E566E;0x000E69D7;0x000E9919;0x000ECE6E;0x000EF0A6;0x000F1629,194;195;196;197;198;199;200;201;202;203;204;205;206;207;208;209;210;211;212;213;214;215;216;217;218;219;220;221;222;223;224;225;226;227;228;229;230,1;2,37,"Structurally available to classes 1 and 2. It can coexist with other O requirements, or with at most one requirement assigned to B in class 1."
河童,河童,Kappa,O,0;1,1;2,1;2;3;4;5,0x0002F535;0x00046F7D,471;472,1.5,2,"Structurally available to classes 1 and 2. It can coexist with other O requirements, or with at most one requirement assigned to B in class 1."
油伞妖,唐傘お化け,Karakasa Umbrella,O,0,1;2,1;2;3;4;5,0x0000665C;0x0006B55E,362;363,1.5,2,"Structurally available to classes 1 and 2. It can coexist with other O requirements, or with at most one requirement assigned to B in class 1."
濡女,濡れ女,Nure-onna,O,1,1;2,1;2;3;4;5,0x000D5AE8,343,3,1,"Structurally available to classes 1 and 2. It can coexist with other O requirements, or with at most one requirement assigned to B in class 1."
炼金术师,錬金術師,Alchemist,O,0;1;3,1;2,1;2;3;4;5,0x00001806;0x0000F8CD;0x00031286;0x0005DDE9;0x0006CC44;0x000AECC1;0x000C2ED1;0x000CA99B;0x000D7523;0x000DFA7D;0x000E45F1;0x000E9611,75;76;77;78;79;80;81;82;83;84;85;86,1;2,12,"Structurally available to classes 1 and 2. It can coexist with other O requirements, or with at most one requirement assigned to B in class 1."
狂骨,狂骨,Kyokotsu,O,1,1;2,1;2;3;4;5,0x00083085,302,3,1,"Structurally available to classes 1 and 2. It can coexist with other O requirements, or with at most one requirement assigned to B in class 1."
独眼小僧,一つ目小僧,One-eyed Imp,O,0,1;2,1;2;3;4;5,0x00001E3E;0x00056628;0x000573CF;0x0009FA05,345;346;347;348,2,4,"Structurally available to classes 1 and 2. It can coexist with other O requirements, or with at most one requirement assigned to B in class 1."
独眼鬼,一つ目鬼,One-eyed Oni,O,1;3,1;2,1;2;3;4;5,0x0003B86E;0x00075D9B,349;351,3,2,"Structurally available to classes 1 and 2. It can coexist with other O requirements, or with at most one requirement assigned to B in class 1."
独脚踏鞴,一本だたら,Ippon-Datara,O,1,1;2,1;2;3;4;5,0x00006CD3;0x000561AC;0x000D1662,333;334;483,3,3,"Structurally available to classes 1 and 2. It can coexist with other O requirements, or with at most one requirement assigned to B in class 1."
狱卒鬼,獄卒鬼,Jailer Oni,O,0;1;2,1;2,1;2;3;4;5,0x0001A2E6;0x000232D5;0x00026C12;0x0003CF7D;0x00099943;0x000A6DDA;0x000B77A6;0x000BC496;0x000C0618;0x000D0779;0x000E1ABA;0x000E6F42;0x000E8E25;0x000F3566,253;254;255;256;257;258;259;260;261;262;263;264;265;266,1;1.5;3,14,"Structurally available to classes 1 and 2. It can coexist with other O requirements, or with at most one requirement assigned to B in class 1."
猥裸,わいら,Waira,O,1,1;2,1;2;3;4;5,0x0001C4B5,358,3,1,"Structurally available to classes 1 and 2. It can coexist with other O requirements, or with at most one requirement assigned to B in class 1."
猿鬼,猿鬼,Enki,O,1,1;2,1;2;3;4;5,0x0001AA93,344,3,1,"Structurally available to classes 1 and 2. It can coexist with other O requirements, or with at most one requirement assigned to B in class 1."
盗贼,賊,Outlaw,O,0;2,1;2,1;2;3;4;5,0x00015F5F;0x0002A8E0;0x00032352;0x00033599;0x0003ADE7;0x00046B29;0x000560BB;0x0009AB7E;0x000A308E;0x000B319D;0x000B3C30;0x000BD71E;0x000C1BCB;0x000D4C14;0x000D7FCB;0x000DB7A5,119;120;121;122;123;124;125;126;127;128;129;130;131;132;133;134,1,16,"Structurally available to classes 1 and 2. It can coexist with other O requirements, or with at most one requirement assigned to B in class 1."
祸津武士,禍ツ武者,Magatsu Warrior,O,1,1;2,1;2;3;4;5,0x0006CAA5,364,3,1,"Structurally available to classes 1 and 2. It can coexist with other O requirements, or with at most one requirement assigned to B in class 1."
肉瘤怪,ぬっぺふほふ,Nuppeppo,O,1,1;2,1;2;3;4;5,0x000DCB98,368,3,1,"Structurally available to classes 1 and 2. It can coexist with other O requirements, or with at most one requirement assigned to B in class 1."
蛤蟆附身,蝦蟇憑き,Gamatsuki,O,0,1;2,1;2;3;4;5,0x000D1F46,475,1,1,"Structurally available to classes 1 and 2. It can coexist with other O requirements, or with at most one requirement assigned to B in class 1."
蜘蛛,蜘蛛,Spider,O,0,1;2,1;2;3;4;5,0x00004388;0x000810E4;0x000BC877,365;366;367,1;2,3,"Structurally available to classes 1 and 2. It can coexist with other O requirements, or with at most one requirement assigned to B in class 1."
见越入道,見越し入道,Mikoshi Nyudo,O,1,1;2,1;2;3;4;5,0x0003EC8A;0x000594DC;0x0006F167;0x00091574;0x00091A67;0x000BADDA,281;282;283;477;478;479,3,6,"Structurally available to classes 1 and 2. It can coexist with other O requirements, or with at most one requirement assigned to B in class 1."
赤河童,赤河童,Red Kappa,O,0;1,1;2,1;2;3;4;5,0x00027DBB;0x0006314C,473;474,1.5,2,"Structurally available to classes 1 and 2. It can coexist with other O requirements, or with at most one requirement assigned to B in class 1."
轮入道,輪入道,Wheelmonk,O,1,1;2,1;2;3;4;5,0x000705DD,332,2,1,"Structurally available to classes 1 and 2. It can coexist with other O requirements, or with at most one requirement assigned to B in class 1."
邪马台国兵,邪馬台国兵士,Yamatai Soldier,O,0;1;2;3,1;2,1;2;3;4;5,0x00018153;0x00018995;0x0002B2FE;0x0002C4D2;0x00049FE8;0x00057799;0x0005D272;0x0005EFD6;0x00060C91;0x000651FC;0x00066D81;0x0006A31C;0x0007F4E0;0x0008A965;0x00096602;0x000A1235,0;1;2;3;4;5;6;7;8;9;10;11;12;13;14;15,1;2,16,"Structurally available to classes 1 and 2. It can coexist with other O requirements, or with at most one requirement assigned to B in class 1."
野槌,野槌,Nozuchi,O,1,1;2,1;2;3;4;5,0x0004A66A;0x0008BE37,269;270,3,2,"Structurally available to classes 1 and 2. It can coexist with other O requirements, or with at most one requirement assigned to B in class 1."
野武士,野武士,Rogue,O,1,1;2,1;2;3;4;5,0x0000BB7D;0x0000DE8C;0x0001091E;0x0001DF33;0x0002E7A5;0x00041889;0x00041BA8;0x00044443;0x0004AC17;0x0005432C;0x0006D1D2;0x00074C54;0x000751E6;0x00085AE5;0x0009742B;0x000A4F31;0x000AC522;0x000C8B29;0x000C8C02;0x000D7383;0x000F345E,135;136;137;138;139;140;141;142;143;144;145;146;147;148;149;150;151;152;153;154;155,1,21,"Structurally available to classes 1 and 2. It can coexist with other O requirements, or with at most one requirement assigned to B in class 1."
铁鼠,鉄鼠,Tesso,O,2,1;2,1;2;3;4;5,0x00017C7B,388,3,1,"Structurally available to classes 1 and 2. It can coexist with other O requirements, or with at most one requirement assigned to B in class 1."
镰仓武士,鎌倉武士,Kamakura Warrior,O,0;1;2;3,1;2,1;2;3;4;5,0x00002551;0x00006C34;0x000244A5;0x0002BE81;0x0002EE71;0x00043B3D;0x0004B993;0x0004F412;0x0006FABC;0x000751E9;0x000772C8;0x0007D73F;0x000842C3;0x0008511D;0x0008C268;0x0009CCAF;0x000A8006;0x000C4D54;0x000CCA01;0x000CECC8;0x000D4695;0x000DCAC9,231;232;233;234;235;236;237;238;239;240;241;242;243;244;245;246;247;248;249;250;251;252,1;2,22,"Structurally available to classes 1 and 2. It can coexist with other O requirements, or with at most one requirement assigned to B in class 1."
防人,防人,Sentry,O,0,1;2,1;2;3;4;5,0x0000FCD2;0x00043182,353;354,2;3,2,"Structurally available to classes 1 and 2. It can coexist with other O requirements, or with at most one requirement assigned to B in class 1."
阴阳师,陰陽師,Onmyo Mage,O,0;2,1;2,1;2;3;4;5,0x00000C7F;0x0000EAEC;0x0002BF39;0x0002CB8A;0x0002DF11;0x0002EFD5;0x000301F3;0x00037137;0x0003BA6D;0x00044A5E;0x0005CB58;0x00061495;0x0006343B;0x00065C72;0x00073C48;0x00074AF0;0x0007B808;0x0007E550;0x0008C207;0x00099051;0x000A2ADA;0x000A793F;0x000B52BF;0x000CBE74;0x000D09E6;0x000D1C92;0x000D733D;0x000DBBF9;0x000E4A28;0x000E9039,164;165;166;167;168;169;170;171;172;173;174;175;176;177;178;179;180;181;182;183;184;185;186;187;188;189;190;191;192;193,1;1.5,30,"Structurally available to classes 1 and 2. It can coexist with other O requirements, or with at most one requirement assigned to B in class 1."
雪入道,雪入道,Snowclops,O,1;3,1;2,1;2;3;4;5,0x0003063C;0x000D4C73,350;352,3,2,"Structurally available to classes 1 and 2. It can coexist with other O requirements, or with at most one requirement assigned to B in class 1."
雷兽,雷獣,Raiju,O,1,1;2,1;2;3;4;5,0x0005A056,268,3,1,"Structurally available to classes 1 and 2. It can coexist with other O requirements, or with at most one requirement assigned to B in class 1."
饿鬼,餓鬼,Gaki,O,0;2,1;2,1;2;3;4;5,0x00000F02;0x0009DB37;0x000F0DC3,293;294;295,1;2,3,"Structurally available to classes 1 and 2. It can coexist with other O requirements, or with at most one requirement assigned to B in class 1."
饿鬼大将,餓鬼大将,Gaki Chief,O,1,1;2,1;2;3;4;5,0x0002298A;0x00081B05,300;481,3,2,"Structurally available to classes 1 and 2. It can coexist with other O requirements, or with at most one requirement assigned to B in class 1."
鬼火,鬼火,Oni-bi,O,0,1;2,1;2;3;4;5,0x00022F7C;0x0008D221;0x000D651D;0x000E55D2,325;326;327;328,1,4,"Structurally available to classes 1 and 2. It can coexist with other O requirements, or with at most one requirement assigned to B in class 1."
中根正盛,中根正盛,Nakane Masamori,A,4,0,1;2;3;4;5,0x000BB2B0,434,4,1,"Structurally available only to class 0. It cannot coexist with an O requirement in the normal generator. Class 0 has at most three entries and reserves one entry for B, so at most two A-only requirements fit."
丸桥忠弥,丸橋忠弥,Marubashi Chuya,A,4,0,1;2;3;4;5,0x0005D299,427,4,1,"Structurally available only to class 0. It cannot coexist with an O requirement in the normal generator. Class 0 has at most three entries and reserves one entry for B, so at most two A-only requirements fit."
亲鸾,親鸞,Shinran,A,4,0,1;2;3;4;5,0x000C36C2,407,4,1,"Structurally available only to class 0. It cannot coexist with an O requirement in the normal generator. Class 0 has at most three entries and reserves one entry for B, so at most two A-only requirements fit."
伊东一刀斋,伊東一刀斎,Ito Ittosai,A,4,0,1;2;3;4;5,0x0007D28D,398,4,1,"Structurally available only to class 0. It cannot coexist with an O requirement in the normal generator. Class 0 has at most three entries and reserves one entry for B, so at most two A-only requirements fit."
传林坊赖庆,伝林坊頼慶,Denrinbo Raikei,A,4,0,1;2;3;4;5,0x000ED856,435,4,1,"Structurally available only to class 0. It cannot coexist with an O requirement in the normal generator. Class 0 has at most three entries and reserves one entry for B, so at most two A-only requirements fit."
内藤昌丰,内藤昌豊,Naito Masatoyo,A,4,0,1;2;3;4;5,0x0007A8F3,412,4,1,"Structurally available only to class 0. It cannot coexist with an O requirement in the normal generator. Class 0 has at most three entries and reserves one entry for B, so at most two A-only requirements fit."
前田光高,前田光高,Maeda Mitsutaka,A,4,0,1;2;3;4;5,0x0000FD3A,432,4,1,"Structurally available only to class 0. It cannot coexist with an O requirement in the normal generator. Class 0 has at most three entries and reserves one entry for B, so at most two A-only requirements fit."
千眼方术士,千眼の方術士,All-Seeing Mage,A,4,0,1;2;3;4;5,0x00018A22,440,4,1,"Structurally available only to class 0. It cannot coexist with an O requirement in the normal generator. Class 0 has at most three entries and reserves one entry for B, so at most two A-only requirements fit."
土方岁三,土方歳三,Hijikata Toshizo,A,4,0,1;2;3;4;5,0x000367F5,414,4,1,"Structurally available only to class 0. It cannot coexist with an O requirement in the normal generator. Class 0 has at most three entries and reserves one entry for B, so at most two A-only requirements fit."
太原雪斋,太原雪斎,Taigen Sessai,A,4,0,1;2;3;4;5,0x00030852,400,4,1,"Structurally available only to class 0. It cannot coexist with an O requirement in the normal generator. Class 0 has at most three entries and reserves one entry for B, so at most two A-only requirements fit."
山田真龙轩,山田真龍軒,Yamada Shinryuken,A,4,0,1;2;3;4;5,0x00095C9D,430,4,1,"Structurally available only to class 0. It cannot coexist with an O requirement in the normal generator. Class 0 has at most three entries and reserves one entry for B, so at most two A-only requirements fit."
巴御前,巴御前,Tomoe Gozen,A,4,0,1;2;3;4;5,0x0008F3DB,405,4,1,"Structurally available only to class 0. It cannot coexist with an O requirement in the normal generator. Class 0 has at most three entries and reserves one entry for B, so at most two A-only requirements fit."
异想的贝伦加莉亚,奇想のベレンゲラ,Berenguela the Whimsical,A,4,0,1;2;3;4;5,0x0003C00F,437,4,1,"Structurally available only to class 0. It cannot coexist with an O requirement in the normal generator. Class 0 has at most three entries and reserves one entry for B, so at most two A-only requirements fit."
怨嗟武人,怨嗟の武人,Aggrieved Warrior,A,4,0,1;2;3;4;5,0x0002E4BB,413,4,1,"Structurally available only to class 0. It cannot coexist with an O requirement in the normal generator. Class 0 has at most three entries and reserves one entry for B, so at most two A-only requirements fit."
斋藤一,斎藤一,Saito Hajime,A,4,0,1;2;3;4;5,0x000B6202,416,4,1,"Structurally available only to class 0. It cannot coexist with an O requirement in the normal generator. Class 0 has at most three entries and reserves one entry for B, so at most two A-only requirements fit."
斩鬼武士,鬼斬りの武者,Demon Slayer,A,4,0,1;2;3;4;5,0x0008A628,406,4,1,"Structurally available only to class 0. It cannot coexist with an O requirement in the normal generator. Class 0 has at most three entries and reserves one entry for B, so at most two A-only requirements fit."
新选组·服部武雄,新選組・服部武雄,Shinsengumi Member Hattori Takeo,A,4,0,1;2;3;4;5,0x0003AA61,441,4,1,"Structurally available only to class 0. It cannot coexist with an O requirement in the normal generator. Class 0 has at most three entries and reserves one entry for B, so at most two A-only requirements fit."
杉谷善住坊,杉谷善住坊,Sugitani Zenjubo,A,4,0,1;2;3;4;5,0x0004E7C0,399,4,1,"Structurally available only to class 0. It cannot coexist with an O requirement in the normal generator. Class 0 has at most three entries and reserves one entry for B, so at most two A-only requirements fit."
毛利玄达,毛利玄達,Mori Gentatsu,A,4,0,1;2;3;4;5,0x00098E97,431,4,1,"Structurally available only to class 0. It cannot coexist with an O requirement in the normal generator. Class 0 has at most three entries and reserves one entry for B, so at most two A-only requirements fit."
永仓新八,永倉新八,Nagakura Shinpachi,A,4,0,1;2;3;4;5,0x00096029,417,4,1,"Structurally available only to class 0. It cannot coexist with an O requirement in the normal generator. Class 0 has at most three entries and reserves one entry for B, so at most two A-only requirements fit."
河原十郎兵卫,河原十郎兵衛,Kawara Jurobei,A,4,0,1;2;3;4;5,0x000930FE,433,4,1,"Structurally available only to class 0. It cannot coexist with an O requirement in the normal generator. Class 0 has at most three entries and reserves one entry for B, so at most two A-only requirements fit."
泽村保佑,沢村保祐,Sawamura Yasusuke,A,4,0,1;2;3;4;5,0x000A797A,402,4,1,"Structurally available only to class 0. It cannot coexist with an O requirement in the normal generator. Class 0 has at most three entries and reserves one entry for B, so at most two A-only requirements fit."
灵窟修验者,霊窟の修験者,Cavern Ascetic,A,4,0,1;2;3;4;5,0x000CED7D,423,4,1,"Structurally available only to class 0. It cannot coexist with an O requirement in the normal generator. Class 0 has at most three entries and reserves one entry for B, so at most two A-only requirements fit."
炼造武士,錬造武者,Fabricated Warrior,A,4,0,1;2;3;4;5,0x00030EDD,476,4,1,"Structurally available only to class 0. It cannot coexist with an O requirement in the normal generator. Class 0 has at most three entries and reserves one entry for B, so at most two A-only requirements fit."
熊谷直义,熊谷直義,Kumagai Naoyoshi,A,4,0,1;2;3;4;5,0x00076A6F,436,4,1,"Structurally available only to class 0. It cannot coexist with an O requirement in the normal generator. Class 0 has at most three entries and reserves one entry for B, so at most two A-only requirements fit."
田鹤夫人,お田鶴の方,Otazu no Kata,A,4,0,1;2;3;4;5,0x000206C8,424,4,1,"Structurally available only to class 0. It cannot coexist with an O requirement in the normal generator. Class 0 has at most three entries and reserves one entry for B, so at most two A-only requirements fit."
石川五右卫门,石川五右衛門,Ishikawa Goemon,A,4,0,1;2;3;4;5,0x000519EE,401,4,1,"Structurally available only to class 0. It cannot coexist with an O requirement in the normal generator. Class 0 has at most three entries and reserves one entry for B, so at most two A-only requirements fit."
碓井贞光,碓井貞光,Usui Sadamitsu,A,4,0,1;2;3;4;5,0x00046364,425,4,1,"Structurally available only to class 0. It cannot coexist with an O requirement in the normal generator. Class 0 has at most three entries and reserves one entry for B, so at most two A-only requirements fit."
穴山信君,穴山信君,Anayama Nobutada,A,4,0,1;2;3;4;5,0x000EFF45,410,4,1,"Structurally available only to class 0. It cannot coexist with an O requirement in the normal generator. Class 0 has at most three entries and reserves one entry for B, so at most two A-only requirements fit."
穴泽盛秀,穴澤盛秀,Anazawa Morihide,A,4,0,1;2;3;4;5,0x00009553,429,4,1,"Structurally available only to class 0. It cannot coexist with an O requirement in the normal generator. Class 0 has at most three entries and reserves one entry for B, so at most two A-only requirements fit."
绿影剑鬼,緑影の剣鬼,Green Shadow's Blade,A,4,0,1;2;3;4;5,0x000C46FF,438,4,1,"Structurally available only to class 0. It cannot coexist with an O requirement in the normal generator. Class 0 has at most three entries and reserves one entry for B, so at most two A-only requirements fit."
肉户景俊,宍戸景俊,Shishido Kagetoshi,A,4,0,1;2;3;4;5,0x000EC041,404,4,1,"Structurally available only to class 0. It cannot coexist with an O requirement in the normal generator. Class 0 has at most three entries and reserves one entry for B, so at most two A-only requirements fit."
荒木又右卫门,荒木又右衛門,Araki Mataemon,A,4,0,1;2;3;4;5,0x0000EBDF,428,4,1,"Structurally available only to class 0. It cannot coexist with an O requirement in the normal generator. Class 0 has at most three entries and reserves one entry for B, so at most two A-only requirements fit."
血烟阿银,血煙お銀,Blood-Spurting Ogin,A,4,0,1;2;3;4;5,0x0004CC1C,439,4,1,"Structurally available only to class 0. It cannot coexist with an O requirement in the normal generator. Class 0 has at most three entries and reserves one entry for B, so at most two A-only requirements fit."
近藤勇,近藤勇,Kondo Isami,A,4,0,1;2;3;4;5,0x0001F6E5,415,4,1,"Structurally available only to class 0. It cannot coexist with an O requirement in the normal generator. Class 0 has at most three entries and reserves one entry for B, so at most two A-only requirements fit."
那须与一,那須与一,Nasu no Yoichi,A,4,0,1;2;3;4;5,0x00039B5F,408,4,1,"Structurally available only to class 0. It cannot coexist with an O requirement in the normal generator. Class 0 has at most three entries and reserves one entry for B, so at most two A-only requirements fit."
风魔小太郎,風魔小太郎,Fuma Kotaro,A,4,0,1;2;3;4;5,0x000C9D7F,397,4,1,"Structurally available only to class 0. It cannot coexist with an O requirement in the normal generator. Class 0 has at most three entries and reserves one entry for B, so at most two A-only requirements fit."
高坂昌信,高坂昌信,Kosaka Masanobu,A,4,0,1;2;3;4;5,0x000431DA,411,4,1,"Structurally available only to class 0. It cannot coexist with an O requirement in the normal generator. Class 0 has at most three entries and reserves one entry for B, so at most two A-only requirements fit."
高岛秋帆,高島秋帆,Takashima Shuhan,A,4,0,1;2;3;4;5,0x000801A9,403,4,1,"Structurally available only to class 0. It cannot coexist with an O requirement in the normal generator. Class 0 has at most three entries and reserves one entry for B, so at most two A-only requirements fit."
高桥泥舟,高橋泥舟,Takahashi Deishu,A,4,0,1;2;3;4;5,0x000E80BD,409,4,1,"Structurally available only to class 0. It cannot coexist with an O requirement in the normal generator. Class 0 has at most three entries and reserves one entry for B, so at most two A-only requirements fit."
两面宿傩,両面宿儺,Ryomen Sukuna,B,5,0;1,1;2;3;4;5,0x0006E1BC,465,4,1,"Available to class 0, or to the single highest-group B position in class 1. It can coexist with O only when at most one requested enemy is assigned to B."
傲岸鬼,傲岸鬼,Demon of Pride,B,5,0;1,1;2;3;4;5,0x000C5F3E,454,4,1,"Available to class 0, or to the single highest-group B position in class 1. It can coexist with O only when at most one requested enemy is assigned to B."
冒疾鬼,冒疾鬼,Demon of Envy,B,5,0;1,1;2;3;4;5,0x000BB028,455,4,1,"Available to class 0, or to the single highest-group B position in class 1. It can coexist with O only when at most one requested enemy is assigned to B."
冲田总司,沖田総司,Okita Soji,B,5,0;1,1;2;3;4;5,0x000D9195,393,4,1,"Available to class 0, or to the single highest-group B position in class 1. It can coexist with O only when at most one requested enemy is assigned to B."
大天狗,大天狗,Great Tengu,B,5,0;1,1;2;3;4;5,0x00041DB6,446,4,1,"Available to class 0, or to the single highest-group B position in class 1. It can coexist with O only when at most one requested enemy is assigned to B."
大蛤蟆,大蝦蟇,Giant Toad,B,5,0;1,1;2;3;4;5,0x00033773,470,4,1,"Available to class 0, or to the single highest-group B position in class 1. It can coexist with O only when at most one requested enemy is assigned to B."
女郎蜘蛛,女郎蜘蛛,Joro-gumo,B,5,0;1,1;2;3;4;5,0x00017AD0,466,4,1,"Available to class 0, or to the single highest-group B position in class 1. It can coexist with O only when at most one requested enemy is assigned to B."
山县昌景,山県昌景,Yamagata Masakage,B,5,0;1,1;2;3;4;5,0x0004B03B;0x00092063,390;444,4,2,"Available to class 0, or to the single highest-group B position in class 1. It can coexist with O only when at most one requested enemy is assigned to B."
德川国松,徳川国松,Tokugawa Kunimatsu,B,5,0;1,1;2;3;4;5,0x000F1A7F,394,4,1,"Available to class 0, or to the single highest-group B position in class 1. It can coexist with O only when at most one requested enemy is assigned to B."
德川庆喜,徳川慶喜,Tokugawa Yoshinobu,B,5,0;1,1;2;3;4;5,0x00041A50,451,4,1,"Available to class 0, or to the single highest-group B position in class 1. It can coexist with O only when at most one requested enemy is assigned to B."
怨灵鬼,怨霊鬼,Onryoki,B,5,0;1,1;2;3;4;5,0x00040A3B,469,4,1,"Available to class 0, or to the single highest-group B position in class 1. It can coexist with O only when at most one requested enemy is assigned to B."
惧鬼,おとろし,Otoroshi,B,5,0;1,1;2;3;4;5,0x0005AAF9,448,4,1,"Available to class 0, or to the single highest-group B position in class 1. It can coexist with O only when at most one requested enemy is assigned to B."
执心鬼,執心鬼,Demon of Obsession,B,5,0;1,1;2;3;4;5,0x0007C995,456,4,1,"Available to class 0, or to the single highest-group B position in class 1. It can coexist with O only when at most one requested enemy is assigned to B."
斋藤福,斎藤福,Saito Fuku,B,5,0;1,1;2;3;4;5,0x000A3F52,420,4,1,"Available to class 0, or to the single highest-group B position in class 1. It can coexist with O only when at most one requested enemy is assigned to B."
服部半藏,服部半蔵,Hattori Hanzo,B,5,0;1,1;2;3;4;5,0x000202A7;0x000D35E1,419;422,4,2,"Available to class 0, or to the single highest-group B position in class 1. It can coexist with O only when at most one requested enemy is assigned to B."
本多忠胜,本多忠勝,Honda Tadakatsu,B,5,0;1,1;2;3;4;5,0x000F0361,421,4,1,"Available to class 0, or to the single highest-group B position in class 1. It can coexist with O only when at most one requested enemy is assigned to B."
柳生十兵卫,柳生十兵衛,Yagyu Jubei,B,5,0;1,1;2;3;4;5,0x00064B4D,396,4,1,"Available to class 0, or to the single highest-group B position in class 1. It can coexist with O only when at most one requested enemy is assigned to B."
柳生宗矩,柳生宗矩,Yagyu Munenori,B,5,0;1,1;2;3;4;5,0x000BD9D5,418,4,1,"Available to class 0, or to the single highest-group B position in class 1. It can coexist with O only when at most one requested enemy is assigned to B."
梶原景时,梶原景時,Kajiwara Kagetoki,B,5,0;1,1;2;3;4;5,0x000B0DAA,391,4,1,"Available to class 0, or to the single highest-group B position in class 1. It can coexist with O only when at most one requested enemy is assigned to B."
武田信玄,武田信玄,Takeda Shingen,B,5,0;1,1;2;3;4;5,0x0000A5D2;0x00071ED1,389;445,4,2,"Available to class 0, or to the single highest-group B position in class 1. It can coexist with O only when at most one requested enemy is assigned to B."
比留呼,比留呼,Hiruko,B,5,0;1,1;2;3;4;5,0x0004ACDF;0x00093F79;0x000B605B,395;452;453,4,3,"Available to class 0, or to the single highest-group B position in class 1. It can coexist with O only when at most one requested enemy is assigned to B."
涂佛,塗仏,Nuribotoke,B,5,0;1,1;2;3;4;5,0x0005FEA7,450,4,1,"Available to class 0, or to the single highest-group B position in class 1. It can coexist with O only when at most one requested enemy is assigned to B."
源赖朝,源頼朝,Minamoto no Yoritomo,B,5,0;1,1;2;3;4;5,0x00003EE6,447,4,1,"Available to class 0, or to the single highest-group B position in class 1. It can coexist with O only when at most one requested enemy is assigned to B."
火车,火車,Kasha,B,5,0;1,1;2;3;4;5,0x000CA888,467,4,1,"Available to class 0, or to the single highest-group B position in class 1. It can coexist with O only when at most one requested enemy is assigned to B."
烟烟罗,煙々羅,Enenra,B,5,0;1,1;2;3;4;5,0x000774DF,464,4,1,"Available to class 0, or to the single highest-group B position in class 1. It can coexist with O only when at most one requested enemy is assigned to B."
牛头鬼,牛頭鬼,Gozuki,B,5,0;1,1;2;3;4;5,0x000A263C,461,4,1,"Available to class 0, or to the single highest-group B position in class 1. It can coexist with O only when at most one requested enemy is assigned to B."
由井正雪,由井正雪,Yui Shosetsu,B,5,0;1,3;4;5,0x00068AF1,458,4,1,"Available to class 0, or to the single highest-group B position in class 1. It can coexist with O only when at most one requested enemy is assigned to B."
茨木童子,茨木童子,Ibaraki Doji,B,5,0;1,1;2;3;4;5,0x000DA5FE,449,4,1,"Available to class 0, or to the single highest-group B position in class 1. It can coexist with O only when at most one requested enemy is assigned to B."
草薙,草薙,Kusanagi,B,5,0;1,1;2;3;4;5,0x000A0477,457,4,1,"Available to class 0, or to the single highest-group B position in class 1. It can coexist with O only when at most one requested enemy is assigned to B."
蛇骨婆,蛇骨婆,Jakotsu-baba,B,5,0;1,1;2;3;4;5,0x000E7450,442,4,1,"Available to class 0, or to the single highest-group B position in class 1. It can coexist with O only when at most one requested enemy is assigned to B."
血刀修罗,血刀修羅,Bloodedge Demon,B,5,0;1,1;2;3;4;5,0x00003921,486,4,1,"Available to class 0, or to the single highest-group B position in class 1. It can coexist with O only when at most one requested enemy is assigned to B."
镰鼬,鎌鼬,Kamaitachi,B,5,0;1,1;2;3;4;5,0x000C76B4,462,4,1,"Available to class 0, or to the single highest-group B position in class 1. It can coexist with O only when at most one requested enemy is assigned to B."
阴摩罗鬼,陰摩羅鬼,Onmoraki,B,5,0;1,1;2;3;4;5,0x000C327F,468,4,1,"Available to class 0, or to the single highest-group B position in class 1. It can coexist with O only when at most one requested enemy is assigned to B."
飞缘魔,飛縁魔,Hino-enma,B,5,0;1,1;2;3;4;5,0x000147F1,463,4,1,"Available to class 0, or to the single highest-group B position in class 1. It can coexist with O only when at most one requested enemy is assigned to B."
马场信春,馬場信春,Baba Nobuharu,B,5,0;1,1;2;3;4;5,0x00075E4F,443,4,1,"Available to class 0, or to the single highest-group B position in class 1. It can coexist with O only when at most one requested enemy is assigned to B."
马头鬼,馬頭鬼,Mezuki,B,5,0;1,1;2;3;4;5,0x000782F6,460,4,1,"Available to class 0, or to the single highest-group B position in class 1. It can coexist with O only when at most one requested enemy is assigned to B."
高杉晋作,高杉晋作,Takasugi Shinsaku,B,5,0;1,1;2;3;4;5,0x000BE2C7,392,4,1,"Available to class 0, or to the single highest-group B position in class 1. It can coexist with O only when at most one requested enemy is assigned to B."
金井半兵卫,金井半兵衛,Kanai Hanbei,A/B,4;5,0;1,1;2;3;4;5,0x0000F9CA;0x000179F7,426;459,4,2,This display name has distinct native candidates in both dedicated pools. Treat it as A in class 0 or as the one B requirement in class 1.
