row_index,lookup_key,name_zh_CN,name_ja_JP,name_en_US,role,class_paths,cost,cost_float32_bits,scratch_rule_key,terrain_mask,playthrough_mask,enabled_playthroughs,linked_group,selector,terrain_discriminator,raw_row_hex
0,0x0007F4E0,邪马台国兵,邪馬台国兵士,Yamatai Soldier,0,class1:ordinary;class2:ordinary,2.0,0x40000000,0xFFFF,0x0000,0x1F,1;2;3;4;5,1,0,216,00000000E0F40700FFFFFFFF000000400A94FFFF00001F00010000D8
1,0x0002B2FE,邪马台国兵,邪馬台国兵士,Yamatai Soldier,0,class1:ordinary;class2:ordinary,1.0,0x3F800000,0xFFFF,0x0000,0x1F,1;2;3;4;5,1,0,216,15000000FEB20200FFFFFFFF0000803F436BFFFF00001F00010000D8
2,0x00049FE8,邪马台国兵,邪馬台国兵士,Yamatai Soldier,0,class1:ordinary;class2:ordinary,1.0,0x3F800000,0xFFFF,0x0000,0x1F,1;2;3;4;5,1,0,216,28000000E89F0400FFFFFFFF0000803F43C9FFFF00001F00010000D8
3,0x0005EFD6,邪马台国兵,邪馬台国兵士,Yamatai Soldier,0,class1:ordinary;class2:ordinary,1.0,0x3F800000,0xFFFF,0x0000,0x1F,1;2;3;4;5,1,0,216,3A000000D6EF0500FFFFFFFF0000803FB0B5FFFF00001F00010000D8
4,0x00018995,邪马台国兵,邪馬台国兵士,Yamatai Soldier,2,class1:ordinary;class2:ordinary,1.0,0x3F800000,0xFFFF,0x0000,0x1F,1;2;3;4;5,1,0,216,4E00000095890100FFFFFFFF0000803F5AEBFFFF00001F00010002D8
5,0x0008A965,邪马台国兵,邪馬台国兵士,Yamatai Soldier,0,class1:ordinary;class2:ordinary,1.0,0x3F800000,0xFFFF,0x0000,0x1F,1;2;3;4;5,1,0,216,6800000065A90800FFFFFFFF0000803FFA2EFFFF00001F00010000D8
6,0x0006A31C,邪马台国兵,邪馬台国兵士,Yamatai Soldier,0,class1:ordinary;class2:ordinary,1.0,0x3F800000,0xFFFF,0x0000,0x1F,1;2;3;4;5,1,0,216,7E0000001CA30600FFFFFFFF0000803FD389FFFF00001F00010000D8
7,0x00096602,邪马台国兵,邪馬台国兵士,Yamatai Soldier,0,class1:ordinary;class2:ordinary,1.0,0x3F800000,0xFFFF,0x0000,0x1F,1;2;3;4;5,1,0,216,9200000002660900FFFFFFFF0000803F88B0FFFF00001F00010000D8
8,0x00057799,邪马台国兵,邪馬台国兵士,Yamatai Soldier,0,class1:ordinary;class2:ordinary,1.0,0x3F800000,0xFFFF,0x0000,0x1F,1;2;3;4;5,1,0,216,A500000099770500FFFFFFFF0000803F4E0AFFFF00001F00010000D8
9,0x00018153,邪马台国兵,邪馬台国兵士,Yamatai Soldier,2,class1:ordinary;class2:ordinary,1.0,0x3F800000,0xFFFF,0x0000,0x1F,1;2;3;4;5,1,0,216,BA00000053810100FFFFFFFF0000803F6BFFFFFF00001F00010002D8
10,0x0005D272,邪马台国兵,邪馬台国兵士,Yamatai Soldier,1,class1:ordinary;class2:ordinary,2.0,0x40000000,0xFFFF,0x0000,0x1F,1;2;3;4;5,1,0,216,D500000072D20500FFFFFFFF0000004073E2FFFF00001F00010001D8
11,0x00060C91,邪马台国兵,邪馬台国兵士,Yamatai Soldier,1,class1:ordinary;class2:ordinary,2.0,0x40000000,0xFFFF,0x0000,0x1F,1;2;3;4;5,1,0,216,EB000000910C0600FFFFFFFF000000403ED7FFFF00001F00010001D8
12,0x00066D81,邪马台国兵,邪馬台国兵士,Yamatai Soldier,1,class1:ordinary;class2:ordinary,2.0,0x40000000,0xFFFF,0x0000,0x1F,1;2;3;4;5,1,0,216,FF000000816D0600FFFFFFFF00000040DAE3FFFF00001F00010001D8
13,0x000A1235,邪马台国兵,邪馬台国兵士,Yamatai Soldier,1,class1:ordinary;class2:ordinary,2.0,0x40000000,0xFFFF,0x0000,0x1F,1;2;3;4;5,1,0,216,1201000035120A00FFFFFFFF0000004006BFFFFF00001F00010001D8
14,0x0002C4D2,邪马台国兵,邪馬台国兵士,Yamatai Soldier,1,class1:ordinary;class2:ordinary,2.0,0x40000000,0xFFFF,0x0000,0x1F,1;2;3;4;5,1,0,216,27010000D2C40200FFFFFFFF00000040B935FFFF00001F00010001D8
15,0x000651FC,邪马台国兵,邪馬台国兵士,Yamatai Soldier,3,class1:ordinary;class2:ordinary,2.0,0x40000000,0xFFFF,0x0000,0x1F,1;2;3;4;5,1,0,216,3C010000FC510600FFFFFFFF000000400461FFFF00001F00010003D8
16,0x0001E927,幕府兵,幕府兵士,Shogunate Soldier,0,class1:ordinary;class2:ordinary,1.0,0x3F800000,0xFFFF,0x0000,0x1F,1;2;3;4;5,2,0,224,5701000027E90100FFFFFFFF0000803F62DDFFFF00001F00020000E0
17,0x00084550,幕府兵,幕府兵士,Shogunate Soldier,0,class1:ordinary;class2:ordinary,1.0,0x3F800000,0xFFFF,0x0000,0x1F,1;2;3;4;5,2,0,224,6A01000050450800FFFFFFFF0000803F97FCFFFF00001F00020000E0
18,0x000AF0CB,幕府兵,幕府兵士,Shogunate Soldier,0,class1:ordinary;class2:ordinary,1.0,0x3F800000,0xFFFF,0x0000,0x1F,1;2;3;4;5,2,0,224,7B010000CBF00A00FFFFFFFF0000803F67C0FFFF00001F00020000E0
19,0x0007B7FD,幕府兵,幕府兵士,Shogunate Soldier,0,class1:ordinary;class2:ordinary,1.0,0x3F800000,0xFFFF,0x0000,0x1F,1;2;3;4;5,2,0,224,8B010000FDB70700FFFFFFFF0000803F9B82FFFF00001F00020000E0
20,0x000E937E,幕府兵,幕府兵士,Shogunate Soldier,2,class1:ordinary;class2:ordinary,1.0,0x3F800000,0xFFFF,0x0000,0x1F,1;2;3;4;5,2,0,224,9D0100007E930E00FFFFFFFF0000803F2B96FFFF00001F00020002E0
21,0x000B17EF,幕府兵,幕府兵士,Shogunate Soldier,2,class1:ordinary;class2:ordinary,1.0,0x3F800000,0xFFFF,0x0000,0x1F,1;2;3;4;5,2,0,224,B5010000EF170B00FFFFFFFF0000803FD536FFFF00001F00020002E0
22,0x000CD008,幕府兵,幕府兵士,Shogunate Soldier,2,class1:ordinary;class2:ordinary,1.0,0x3F800000,0xFFFF,0x0000,0x1F,1;2;3;4;5,2,0,224,CF01000008D00C00FFFFFFFF0000803FC932FFFF00001F00020002E0
23,0x0004030D,幕府兵,幕府兵士,Shogunate Soldier,0,class1:ordinary;class2:ordinary,1.0,0x3F800000,0xFFFF,0x0000,0x1F,1;2;3;4;5,2,0,224,EA0100000D030400FFFFFFFF0000803FD2DCFFFF00001F00020000E0
24,0x00042335,幕府兵,幕府兵士,Shogunate Soldier,0,class1:ordinary;class2:ordinary,1.0,0x3F800000,0xFFFF,0x0000,0x1F,1;2;3;4;5,2,0,224,FE01000035230400FFFFFFFF0000803F0E2FFFFF00001F00020000E0
25,0x000E9105,幕府兵,幕府兵士,Shogunate Soldier,0,class1:ordinary;class2:ordinary,1.0,0x3F800000,0xFFFF,0x0000,0x1F,1;2;3;4;5,2,0,224,1002000005910E00FFFFFFFF0000803FC2DEFFFF00001F00020000E0
26,0x00000A49,幕府兵,幕府兵士,Shogunate Soldier,0,class1:ordinary;class2:ordinary,1.0,0x3F800000,0xFFFF,0x0000,0x1F,1;2;3;4;5,2,0,224,21020000490A0000FFFFFFFF0000803F7861FFFF00001F00020000E0
27,0x0009C127,幕府兵,幕府兵士,Shogunate Soldier,2,class1:ordinary;class2:ordinary,1.0,0x3F800000,0xFFFF,0x0000,0x1F,1;2;3;4;5,2,0,224,3402000027C10900FFFFFFFF0000803F2931FFFF00001F00020002E0
28,0x000E4C3D,幕府兵,幕府兵士,Shogunate Soldier,2,class1:ordinary;class2:ordinary,1.0,0x3F800000,0xFFFF,0x0000,0x1F,1;2;3;4;5,2,0,224,4D0200003D4C0E00FFFFFFFF0000803F28F8FFFF00001F00020002E0
29,0x000B444D,幕府兵,幕府兵士,Shogunate Soldier,2,class1:ordinary;class2:ordinary,1.0,0x3F800000,0xFFFF,0x0000,0x1F,1;2;3;4;5,2,0,224,680200004D440B00FFFFFFFF0000803FDA8FFFFF00001F00020002E0
30,0x000C784C,幕府兵,幕府兵士,Shogunate Soldier,1,class1:ordinary;class2:ordinary,2.0,0x40000000,0xFFFF,0x0000,0x1F,1;2;3;4;5,2,0,224,840200004C780C00FFFFFFFF00000040BBADFFFF00001F00020001E0
31,0x0002F4E8,幕府兵,幕府兵士,Shogunate Soldier,1,class1:ordinary;class2:ordinary,2.0,0x40000000,0xFFFF,0x0000,0x1F,1;2;3;4;5,2,0,224,98020000E8F40200FFFFFFFF000000405D05FFFF00001F00020001E0
32,0x000DEC05,幕府兵,幕府兵士,Shogunate Soldier,1,class1:ordinary;class2:ordinary,2.0,0x40000000,0xFFFF,0x0000,0x1F,1;2;3;4;5,2,0,224,AA02000005EC0D00FFFFFFFF0000004013F9FFFF00001F00020001E0
33,0x0007FE51,幕府兵,幕府兵士,Shogunate Soldier,1,class1:ordinary;class2:ordinary,2.0,0x40000000,0xFFFF,0x0000,0x1F,1;2;3;4;5,2,0,224,BB02000051FE0700FFFFFFFF00000040C970FFFF00001F00020001E0
34,0x000567D9,幕府兵,幕府兵士,Shogunate Soldier,1,class1:ordinary;class2:ordinary,2.0,0x40000000,0xFFFF,0x0000,0x1F,1;2;3;4;5,2,0,224,CE020000D9670500FFFFFFFF000000409F11FFFF00001F00020001E0
35,0x0003D866,幕府兵,幕府兵士,Shogunate Soldier,3,class1:ordinary;class2:ordinary,2.0,0x40000000,0xFFFF,0x0000,0x1F,1;2;3;4;5,2,0,224,E102000066D80300FFFFFFFF00000040407BFFFF00001F00020003E0
36,0x000B28B2,幕府兵,幕府兵士,Shogunate Soldier,3,class1:ordinary;class2:ordinary,2.0,0x40000000,0xFFFF,0x0000,0x1F,1;2;3;4;5,2,0,224,FA020000B2280B00FFFFFFFF000000402DD4FFFF00001F00020003E0
37,0x0006673E,幕府兵,幕府兵士,Shogunate Soldier,3,class1:ordinary;class2:ordinary,2.0,0x40000000,0xFFFF,0x0000,0x1F,1;2;3;4;5,2,0,224,150300003E670600FFFFFFFF0000004090A6FFFF00001F00020003E0
38,0x00017D62,新选组队士,新選組隊士,Shinsengumi Member,0,class1:ordinary;class2:ordinary,1.0,0x3F800000,0xFFFF,0x0000,0x1F,1;2;3;4;5,3,0,224,31030000627D0100FFFFFFFF0000803F2B26FFFF00001F00030000E0
39,0x0005B9BD,新选组队士,新選組隊士,Shinsengumi Member,0,class1:ordinary;class2:ordinary,1.0,0x3F800000,0xFFFF,0x0000,0x1F,1;2;3;4;5,3,0,224,4A030000BDB90500FFFFFFFF0000803FB5C6FFFF00001F00030000E0
40,0x000F281F,新选组队士,新選組隊士,Shinsengumi Member,0,class1:ordinary;class2:ordinary,1.0,0x3F800000,0xFFFF,0x0000,0x1F,1;2;3;4;5,3,0,224,610300001F280F00FFFFFFFF0000803FBDF0FFFF00001F00030000E0
41,0x000274AF,新选组队士,新選組隊士,Shinsengumi Member,0,class1:ordinary;class2:ordinary,1.0,0x3F800000,0xFFFF,0x0000,0x1F,1;2;3;4;5,3,0,224,77030000AF740200FFFFFFFF0000803FCC43FFFF00001F00030000E0
42,0x000769D2,新选组队士,新選組隊士,Shinsengumi Member,2,class1:ordinary;class2:ordinary,1.0,0x3F800000,0xFFFF,0x0000,0x1F,1;2;3;4;5,3,0,224,8F030000D2690700FFFFFFFF0000803F0C6AFFFF00001F00030002E0
43,0x00091E01,新选组队士,新選組隊士,Shinsengumi Member,2,class1:ordinary;class2:ordinary,1.0,0x3F800000,0xFFFF,0x0000,0x1F,1;2;3;4;5,3,0,224,AD030000011E0900FFFFFFFF0000803FE19DFFFF00001F00030002E0
44,0x00051150,新选组队士,新選組隊士,Shinsengumi Member,2,class1:ordinary;class2:ordinary,1.0,0x3F800000,0xFFFF,0x0000,0x1F,1;2;3;4;5,3,0,224,CD03000050110500FFFFFFFF0000803F88A0FFFF00001F00030002E0
45,0x0001F5CD,新选组队士,新選組隊士,Shinsengumi Member,1,class1:ordinary;class2:ordinary,2.0,0x40000000,0xFFFF,0x0000,0x1F,1;2;3;4;5,3,0,224,EE030000CDF50100FFFFFFFF000000401130FFFF00001F00030001E0
46,0x0002953C,新选组队士,新選組隊士,Shinsengumi Member,1,class1:ordinary;class2:ordinary,2.0,0x40000000,0xFFFF,0x0000,0x1F,1;2;3;4;5,3,0,224,070400003C950200FFFFFFFF000000404CE7FFFF00001F00030001E0
47,0x0000A4C3,新选组队士,新選組隊士,Shinsengumi Member,1,class1:ordinary;class2:ordinary,2.0,0x40000000,0xFFFF,0x0000,0x1F,1;2;3;4;5,3,0,224,1E040000C3A40000FFFFFFFF000000400A95FFFF00001F00030001E0
48,0x000987EF,新选组队士,新選組隊士,Shinsengumi Member,1,class1:ordinary;class2:ordinary,2.0,0x40000000,0xFFFF,0x0000,0x1F,1;2;3;4;5,3,0,224,34040000EF870900FFFFFFFF000000409567FFFF00001F00030001E0
49,0x000C3309,新选组队士,新選組隊士,Shinsengumi Member,1,class1:ordinary;class2:ordinary,2.0,0x40000000,0xFFFF,0x0000,0x1F,1;2;3;4;5,3,0,224,4C04000009330C00FFFFFFFF00000040C946FFFF00001F00030001E0
50,0x000F203D,新选组队士,新選組隊士,Shinsengumi Member,3,class1:ordinary;class2:ordinary,2.0,0x40000000,0xFFFF,0x0000,0x1F,1;2;3;4;5,3,0,224,640400003D200F00FFFFFFFF0000004048DCFFFF00001F00030003E0
51,0x0001367D,新选组队士,新選組隊士,Shinsengumi Member,3,class1:ordinary;class2:ordinary,2.0,0x40000000,0xFFFF,0x0000,0x1F,1;2;3;4;5,3,0,224,820400007D360100FFFFFFFF0000004014E7FFFF00001F00030003E0
52,0x00080174,新选组队士,新選組隊士,Shinsengumi Member,3,class1:ordinary;class2:ordinary,2.0,0x40000000,0xFFFF,0x0000,0x1F,1;2;3;4;5,3,0,224,A204000074010800FFFFFFFF000000402EC6FFFF00001F00030003E0
53,0x000178D1,旗本武士,旗本,Vassal,0,class1:ordinary;class2:ordinary,1.0,0x3F800000,0xFFFF,0x0000,0x1F,1;2;3;4;5,4,0,53,C3040000D1780100FFFFFFFF0000803FFA02FFFF00001F0004000035
54,0x00029202,旗本武士,旗本,Vassal,0,class1:ordinary;class2:ordinary,1.0,0x3F800000,0xFFFF,0x0000,0x1F,1;2;3;4;5,4,0,53,D604000002920200FFFFFFFF0000803FC3BDFFFF00001F0004000035
55,0x00003A9B,旗本武士,旗本,Vassal,0,class1:ordinary;class2:ordinary,1.0,0x3F800000,0xFFFF,0x0000,0x1F,1;2;3;4;5,4,0,53,E70400009B3A0000FFFFFFFF0000803F6F16FFFF00001F0004000035
56,0x00079974,旗本武士,旗本,Vassal,0,class1:ordinary;class2:ordinary,1.0,0x3F800000,0xFFFF,0x0000,0x1F,1;2;3;4;5,4,0,53,F704000074990700FFFFFFFF0000803FA124FFFF00001F0004000035
57,0x00004143,旗本武士,旗本,Vassal,2,class1:ordinary;class2:ordinary,1.0,0x3F800000,0xFFFF,0x0000,0x1F,1;2;3;4;5,4,0,53,0905000043410000FFFFFFFF0000803F901DFFFF00001F0004000235
58,0x00056DC1,旗本武士,旗本,Vassal,2,class1:ordinary;class2:ordinary,1.0,0x3F800000,0xFFFF,0x0000,0x1F,1;2;3;4;5,4,0,53,21050000C16D0500FFFFFFFF0000803FB47BFFFF00001F0004000235
59,0x000968CC,旗本武士,旗本,Vassal,2,class1:ordinary;class2:ordinary,1.0,0x3F800000,0xFFFF,0x0000,0x1F,1;2;3;4;5,4,0,53,3B050000CC680900FFFFFFFF0000803F1C66FFFF00001F0004000235
60,0x000E2398,旗本武士,旗本,Vassal,0,class1:ordinary;class2:ordinary,1.0,0x3F800000,0xFFFF,0x0000,0x1F,1;2;3;4;5,4,0,53,5605000098230E00FFFFFFFF0000803FFB08FFFF00001F0004000035
61,0x00038869,旗本武士,旗本,Vassal,0,class1:ordinary;class2:ordinary,1.0,0x3F800000,0xFFFF,0x0000,0x1F,1;2;3;4;5,4,0,53,6A05000069880300FFFFFFFF0000803FB157FFFF00001F0004000035
62,0x000F3DCB,旗本武士,旗本,Vassal,0,class1:ordinary;class2:ordinary,1.0,0x3F800000,0xFFFF,0x0000,0x1F,1;2;3;4;5,4,0,53,7C050000CB3D0F00FFFFFFFF0000803F3B04FFFF00001F0004000035
63,0x00026F2B,旗本武士,旗本,Vassal,0,class1:ordinary;class2:ordinary,1.0,0x3F800000,0xFFFF,0x0000,0x1F,1;2;3;4;5,4,0,53,8D0500002B6F0200FFFFFFFF0000803F87E1FFFF00001F0004000035
64,0x000B3B92,旗本武士,旗本,Vassal,2,class1:ordinary;class2:ordinary,1.0,0x3F800000,0xFFFF,0x0000,0x1F,1;2;3;4;5,4,0,53,A0050000923B0B00FFFFFFFF0000803F1454FFFF00001F0004000235
65,0x000AE324,旗本武士,旗本,Vassal,2,class1:ordinary;class2:ordinary,1.0,0x3F800000,0xFFFF,0x0000,0x1F,1;2;3;4;5,4,0,53,B905000024E30A00FFFFFFFF0000803F93DFFFFF00001F0004000235
66,0x00028658,旗本武士,旗本,Vassal,2,class1:ordinary;class2:ordinary,1.0,0x3F800000,0xFFFF,0x0000,0x1F,1;2;3;4;5,4,0,53,D405000058860200FFFFFFFF0000803F7BF6FFFF00001F0004000235
67,0x00058EF8,旗本武士,旗本,Vassal,1,class1:ordinary;class2:ordinary,2.0,0x40000000,0xFFFF,0x0000,0x1F,1;2;3;4;5,4,0,53,F0050000F88E0500FFFFFFFF00000040C4FEFFFF00001F0004000135
68,0x000CBA8B,旗本武士,旗本,Vassal,1,class1:ordinary;class2:ordinary,2.0,0x40000000,0xFFFF,0x0000,0x1F,1;2;3;4;5,4,0,53,040600008BBA0C00FFFFFFFF00000040FFEBFFFF00001F0004000135
69,0x000A4267,旗本武士,旗本,Vassal,1,class1:ordinary;class2:ordinary,2.0,0x40000000,0xFFFF,0x0000,0x1F,1;2;3;4;5,4,0,53,1606000067420A00FFFFFFFF000000400100FFFF00001F0004000135
70,0x000BA5BA,旗本武士,旗本,Vassal,1,class1:ordinary;class2:ordinary,2.0,0x40000000,0xFFFF,0x0000,0x1F,1;2;3;4;5,4,0,53,27060000BAA50B00FFFFFFFF00000040752CFFFF00001F0004000135
71,0x0004D493,旗本武士,旗本,Vassal,1,class1:ordinary;class2:ordinary,2.0,0x40000000,0xFFFF,0x0000,0x1F,1;2;3;4;5,4,0,53,3A06000093D40400FFFFFFFF000000408C92FFFF00001F0004000135
72,0x000062BB,旗本武士,旗本,Vassal,3,class1:ordinary;class2:ordinary,2.0,0x40000000,0xFFFF,0x0000,0x1F,1;2;3;4;5,4,0,53,4D060000BB620000FFFFFFFF000000406174FFFF00001F0004000335
73,0x0003B29F,旗本武士,旗本,Vassal,3,class1:ordinary;class2:ordinary,2.0,0x40000000,0xFFFF,0x0000,0x1F,1;2;3;4;5,4,0,53,660600009FB20300FFFFFFFF00000040285FFFFF00001F0004000335
74,0x0000971F,旗本武士,旗本,Vassal,3,class1:ordinary;class2:ordinary,2.0,0x40000000,0xFFFF,0x0000,0x1F,1;2;3;4;5,4,0,53,810600001F970000FFFFFFFF0000004060C9FFFF00001F0004000335
75,0x000AECC1,炼金术师,錬金術師,Alchemist,0,class1:ordinary;class2:ordinary,1.0,0x3F800000,0xFFFF,0x0000,0x1F,1;2;3;4;5,5,0,0,9D060000C1EC0A00FFFFFFFF0000803FC433FFFF00001F0005000000
76,0x0005DDE9,炼金术师,錬金術師,Alchemist,0,class1:ordinary;class2:ordinary,1.0,0x3F800000,0xFFFF,0x0000,0x1F,1;2;3;4;5,5,0,0,AC060000E9DD0500FFFFFFFF0000803FA862FFFF00001F0005000000
77,0x00031286,炼金术师,錬金術師,Alchemist,0,class1:ordinary;class2:ordinary,1.0,0x3F800000,0xFFFF,0x0000,0x1F,1;2;3;4;5,5,0,0,BC06000086120300FFFFFFFF0000803F0F10FFFF00001F0005000000
78,0x0006CC44,炼金术师,錬金術師,Alchemist,0,class1:ordinary;class2:ordinary,1.0,0x3F800000,0xFFFF,0x0000,0x1F,1;2;3;4;5,5,0,0,CE06000044CC0600FFFFFFFF0000803FB184FFFF00001F0005000000
79,0x000CA99B,炼金术师,錬金術師,Alchemist,1,class1:ordinary;class2:ordinary,2.0,0x40000000,0xFFFF,0x0000,0x1F,1;2;3;4;5,5,0,0,DD0600009BA90C00FFFFFFFF000000404D56FFFF00001F0005000100
80,0x000E45F1,炼金术师,錬金術師,Alchemist,1,class1:ordinary;class2:ordinary,2.0,0x40000000,0xFFFF,0x0000,0x1F,1;2;3;4;5,5,0,0,EE060000F1450E00FFFFFFFF000000405A39FFFF00001F0005000100
81,0x000E9611,炼金术师,錬金術師,Alchemist,1,class1:ordinary;class2:ordinary,2.0,0x40000000,0xFFFF,0x0000,0x1F,1;2;3;4;5,5,0,0,0007000011960E00FFFFFFFF00000040A817FFFF00001F0005000100
82,0x00001806,炼金术师,錬金術師,Alchemist,1,class1:ordinary;class2:ordinary,2.0,0x40000000,0xFFFF,0x0000,0x1F,1;2;3;4;5,5,0,0,1407000006180000FFFFFFFF000000408A46FFFF00001F0005000100
83,0x000C2ED1,炼金术师,錬金術師,Alchemist,3,class1:ordinary;class2:ordinary,2.0,0x40000000,0xFFFF,0x0000,0x1F,1;2;3;4;5,5,0,0,25070000D12E0C00FFFFFFFF00000040DD56FFFF00001F0005000300
84,0x0000F8CD,炼金术师,錬金術師,Alchemist,3,class1:ordinary;class2:ordinary,2.0,0x40000000,0xFFFF,0x0000,0x1F,1;2;3;4;5,5,0,0,3E070000CDF80000FFFFFFFF00000040C955FFFF00001F0005000300
85,0x000DFA7D,炼金术师,錬金術師,Alchemist,3,class1:ordinary;class2:ordinary,2.0,0x40000000,0xFFFF,0x0000,0x1F,1;2;3;4;5,5,0,0,580700007DFA0D00FFFFFFFF000000408255FFFF00001F0005000300
86,0x000D7523,炼金术师,錬金術師,Alchemist,3,class1:ordinary;class2:ordinary,2.0,0x40000000,0xFFFF,0x0000,0x1F,1;2;3;4;5,5,0,0,7407000023750D00FFFFFFFF00000040A569FFFF00001F0005000300
87,0x000562F0,叛军浪士,反乱軍浪士,Rebel Ronin,0,class1:ordinary;class2:ordinary,1.0,0x3F800000,0xFFFF,0x0000,0x1F,1;2;3;4;5,6,0,53,8D070000F0620500FFFFFFFF0000803F27E1FFFF00001F0006000035
88,0x0004CEE0,叛军浪士,反乱軍浪士,Rebel Ronin,0,class1:ordinary;class2:ordinary,1.0,0x3F800000,0xFFFF,0x0000,0x1F,1;2;3;4;5,6,0,53,A6070000E0CE0400FFFFFFFF0000803F7282FFFF00001F0006000035
89,0x000A2213,叛军浪士,反乱軍浪士,Rebel Ronin,0,class1:ordinary;class2:ordinary,1.0,0x3F800000,0xFFFF,0x0000,0x1F,1;2;3;4;5,6,0,53,BD07000013220A00FFFFFFFF0000803F3B0CFFFF00001F0006000035
90,0x0005F336,叛军浪士,反乱軍浪士,Rebel Ronin,0,class1:ordinary;class2:ordinary,1.0,0x3F800000,0xFFFF,0x0000,0x1F,1;2;3;4;5,6,0,53,D307000036F30500FFFFFFFF0000803FF045FFFF00001F0006000035
91,0x00006354,叛军浪士,反乱軍浪士,Rebel Ronin,2,class1:ordinary;class2:ordinary,1.0,0x3F800000,0xFFFF,0x0000,0x1F,1;2;3;4;5,6,0,53,EB07000054630000FFFFFFFF0000803FAA38FFFF00001F0006000235
92,0x0002298C,叛军浪士,反乱軍浪士,Rebel Ronin,2,class1:ordinary;class2:ordinary,1.0,0x3F800000,0xFFFF,0x0000,0x1F,1;2;3;4;5,6,0,53,090800008C290200FFFFFFFF0000803F6560FFFF00001F0006000235
93,0x000B2BEA,叛军浪士,反乱軍浪士,Rebel Ronin,2,class1:ordinary;class2:ordinary,1.0,0x3F800000,0xFFFF,0x0000,0x1F,1;2;3;4;5,6,0,53,29080000EA2B0B00FFFFFFFF0000803F1610FFFF00001F0006000235
94,0x000D2EDC,叛军浪士,反乱軍浪士,Rebel Ronin,0,class1:ordinary;class2:ordinary,1.0,0x3F800000,0xFFFF,0x0000,0x1F,1;2;3;4;5,6,0,53,4A080000DC2E0D00FFFFFFFF0000803FDF60FFFF00001F0006000035
95,0x00064CE7,叛军浪士,反乱軍浪士,Rebel Ronin,0,class1:ordinary;class2:ordinary,1.0,0x3F800000,0xFFFF,0x0000,0x1F,1;2;3;4;5,6,0,53,64080000E74C0600FFFFFFFF0000803FCEA6FFFF00001F0006000035
96,0x0008F61C,叛军浪士,反乱軍浪士,Rebel Ronin,0,class1:ordinary;class2:ordinary,1.0,0x3F800000,0xFFFF,0x0000,0x1F,1;2;3;4;5,6,0,53,7C0800001CF60800FFFFFFFF0000803FA398FFFF00001F0006000035
97,0x00017C40,叛军浪士,反乱軍浪士,Rebel Ronin,0,class1:ordinary;class2:ordinary,1.0,0x3F800000,0xFFFF,0x0000,0x1F,1;2;3;4;5,6,0,53,93080000407C0100FFFFFFFF0000803F5351FFFF00001F0006000035
98,0x0000BBA9,叛军浪士,反乱軍浪士,Rebel Ronin,0,class1:ordinary;class2:ordinary,1.0,0x3F800000,0xFFFF,0x0000,0x1F,1;2;3;4;5,6,0,53,AC080000A9BB0000FFFFFFFF0000803FF5D0FFFF00001F0006000035
99,0x000C2B8E,叛军浪士,反乱軍浪士,Rebel Ronin,2,class1:ordinary;class2:ordinary,1.0,0x3F800000,0xFFFF,0x0000,0x1F,1;2;3;4;5,6,0,53,C50800008E2B0C00FFFFFFFF0000803FDC8AFFFF00001F0006000235
100,0x0004F957,叛军浪士,反乱軍浪士,Rebel Ronin,2,class1:ordinary;class2:ordinary,1.0,0x3F800000,0xFFFF,0x0000,0x1F,1;2;3;4;5,6,0,53,E408000057F90400FFFFFFFF0000803F3D08FFFF00001F0006000235
101,0x00033200,叛军浪士,反乱軍浪士,Rebel Ronin,2,class1:ordinary;class2:ordinary,1.0,0x3F800000,0xFFFF,0x0000,0x1F,1;2;3;4;5,6,0,53,0509000000320300FFFFFFFF0000803F70DFFFFF00001F0006000235
102,0x00009A4B,叛军浪士,反乱軍浪士,Rebel Ronin,0,class1:ordinary;class2:ordinary,1.0,0x3F800000,0xFFFF,0x0000,0x1F,1;2;3;4;5,6,0,53,270900004B9A0000FFFFFFFF0000803F2B6AFFFF00001F0006000035
103,0x0008CB62,叛军浪士,反乱軍浪士,Rebel Ronin,0,class1:ordinary;class2:ordinary,1.0,0x3F800000,0xFFFF,0x0000,0x1F,1;2;3;4;5,6,0,53,4109000062CB0800FFFFFFFF0000803F5F5DFFFF00001F0006000035
104,0x000AC4C4,叛军浪士,反乱軍浪士,Rebel Ronin,0,class1:ordinary;class2:ordinary,1.0,0x3F800000,0xFFFF,0x0000,0x1F,1;2;3;4;5,6,0,53,59090000C4C40A00FFFFFFFF0000803F0083FFFF00001F0006000035
105,0x000DEB5D,叛军浪士,反乱軍浪士,Rebel Ronin,0,class1:ordinary;class2:ordinary,1.0,0x3F800000,0xFFFF,0x0000,0x1F,1;2;3;4;5,6,0,53,700900005DEB0D00FFFFFFFF0000803F9200FFFF00001F0006000035
106,0x000CC558,叛军浪士,反乱軍浪士,Rebel Ronin,0,class1:ordinary;class2:ordinary,1.0,0x3F800000,0xFFFF,0x0000,0x1F,1;2;3;4;5,6,0,53,8909000058C50C00FFFFFFFF0000803FB846FFFF00001F0006000035
107,0x00067DD2,叛军浪士,反乱軍浪士,Rebel Ronin,2,class1:ordinary;class2:ordinary,1.0,0x3F800000,0xFFFF,0x0000,0x1F,1;2;3;4;5,6,0,53,A2090000D27D0600FFFFFFFF0000803F4169FFFF00001F0006000235
108,0x00089E82,叛军浪士,反乱軍浪士,Rebel Ronin,2,class1:ordinary;class2:ordinary,1.0,0x3F800000,0xFFFF,0x0000,0x1F,1;2;3;4;5,6,0,53,C1090000829E0800FFFFFFFF0000803F81BDFFFF00001F0006000235
109,0x00013234,叛军浪士,反乱軍浪士,Rebel Ronin,2,class1:ordinary;class2:ordinary,1.0,0x3F800000,0xFFFF,0x0000,0x1F,1;2;3;4;5,6,0,53,E209000034320100FFFFFFFF0000803F2277FFFF00001F0006000235
110,0x0001E160,叛军浪士,反乱軍浪士,Rebel Ronin,1,class1:ordinary;class2:ordinary,2.0,0x40000000,0xFFFF,0x0000,0x1F,1;2;3;4;5,6,0,53,040A000060E10100FFFFFFFF00000040F4D0FFFF00001F0006000135
111,0x0004D32A,叛军浪士,反乱軍浪士,Rebel Ronin,1,class1:ordinary;class2:ordinary,2.0,0x40000000,0xFFFF,0x0000,0x1F,1;2;3;4;5,6,0,53,1B0A00002AD30400FFFFFFFF00000040E3F3FFFF00001F0006000135
112,0x00089477,叛军浪士,反乱軍浪士,Rebel Ronin,1,class1:ordinary;class2:ordinary,2.0,0x40000000,0xFFFF,0x0000,0x1F,1;2;3;4;5,6,0,53,300A000077940800FFFFFFFF00000040F0E6FFFF00001F0006000135
113,0x000EEC01,叛军浪士,反乱軍浪士,Rebel Ronin,1,class1:ordinary;class2:ordinary,2.0,0x40000000,0xFFFF,0x0000,0x1F,1;2;3;4;5,6,0,53,440A000001EC0E00FFFFFFFF00000040793FFFFF00001F0006000135
114,0x000AA721,叛军浪士,反乱軍浪士,Rebel Ronin,1,class1:ordinary;class2:ordinary,2.0,0x40000000,0xFFFF,0x0000,0x1F,1;2;3;4;5,6,0,53,5A0A000021A70A00FFFFFFFF000000404440FFFF00001F0006000135
115,0x00059ABC,叛军浪士,反乱軍浪士,Rebel Ronin,1,class1:ordinary;class2:ordinary,2.0,0x40000000,0xFFFF,0x0000,0x1F,1;2;3;4;5,6,0,53,700A0000BC9A0500FFFFFFFF000000404392FFFF00001F0006000135
116,0x00062DB2,叛军浪士,反乱軍浪士,Rebel Ronin,3,class1:ordinary;class2:ordinary,2.0,0x40000000,0xFFFF,0x0000,0x1F,1;2;3;4;5,6,0,53,890A0000B22D0600FFFFFFFF000000406DF0FFFF00001F0006000335
117,0x000BFCD8,叛军浪士,反乱軍浪士,Rebel Ronin,3,class1:ordinary;class2:ordinary,2.0,0x40000000,0xFFFF,0x0000,0x1F,1;2;3;4;5,6,0,53,A50A0000D8FC0B00FFFFFFFF000000404911FFFF00001F0006000335
118,0x00097017,叛军浪士,反乱軍浪士,Rebel Ronin,3,class1:ordinary;class2:ordinary,2.0,0x40000000,0xFFFF,0x0000,0x1F,1;2;3;4;5,6,0,53,C30A000017700900FFFFFFFF0000004087DDFFFF00001F0006000335
119,0x000D7FCB,盗贼,賊,Outlaw,0,class1:ordinary;class2:ordinary,1.0,0x3F800000,0xFFFF,0x0000,0x1F,1;2;3;4;5,7,0,0,E20A0000CB7F0D00FFFFFFFF0000803F787FFFFF00001F0007000000
120,0x000D4C14,盗贼,賊,Outlaw,0,class1:ordinary;class2:ordinary,1.0,0x3F800000,0xFFFF,0x0000,0x1F,1;2;3;4;5,7,0,0,F00A0000144C0D00FFFFFFFF0000803F7ED7FFFF00001F0007000000
121,0x000A308E,盗贼,賊,Outlaw,2,class1:ordinary;class2:ordinary,1.0,0x3F800000,0xFFFF,0x0000,0x1F,1;2;3;4;5,7,0,0,FE0A00008E300A00FFFFFFFF0000803F1EBAFFFF00001F0007000200
122,0x000C1BCB,盗贼,賊,Outlaw,2,class1:ordinary;class2:ordinary,1.0,0x3F800000,0xFFFF,0x0000,0x1F,1;2;3;4;5,7,0,0,110B0000CB1B0C00FFFFFFFF0000803FFB2FFFFF00001F0007000200
123,0x000B319D,盗贼,賊,Outlaw,2,class1:ordinary;class2:ordinary,1.0,0x3F800000,0xFFFF,0x0000,0x1F,1;2;3;4;5,7,0,0,260B00009D310B00FFFFFFFF0000803FF08DFFFF00001F0007000200
124,0x000DB7A5,盗贼,賊,Outlaw,2,class1:ordinary;class2:ordinary,1.0,0x3F800000,0xFFFF,0x0000,0x1F,1;2;3;4;5,7,0,0,3C0B0000A5B70D00FFFFFFFF0000803FE211FFFF00001F0007000200
125,0x0009AB7E,盗贼,賊,Outlaw,2,class1:ordinary;class2:ordinary,1.0,0x3F800000,0xFFFF,0x0000,0x1F,1;2;3;4;5,7,0,0,4F0B00007EAB0900FFFFFFFF0000803F2039FFFF00001F0007000200
126,0x0002A8E0,盗贼,賊,Outlaw,2,class1:ordinary;class2:ordinary,1.0,0x3F800000,0xFFFF,0x0000,0x1F,1;2;3;4;5,7,0,0,640B0000E0A80200FFFFFFFF0000803F6B9AFFFF00001F0007000200
127,0x00015F5F,盗贼,賊,Outlaw,0,class1:ordinary;class2:ordinary,1.0,0x3F800000,0xFFFF,0x0000,0x1F,1;2;3;4;5,7,0,0,7A0B00005F5F0100FFFFFFFF0000803F5AD5FFFF00001F0007000000
128,0x00046B29,盗贼,賊,Outlaw,0,class1:ordinary;class2:ordinary,1.0,0x3F800000,0xFFFF,0x0000,0x1F,1;2;3;4;5,7,0,0,860B0000296B0400FFFFFFFF0000803FFEA3FFFF00001F0007000000
129,0x000BD71E,盗贼,賊,Outlaw,0,class1:ordinary;class2:ordinary,1.0,0x3F800000,0xFFFF,0x0000,0x1F,1;2;3;4;5,7,0,0,920B00001ED70B00FFFFFFFF0000803F1370FFFF00001F0007000000
130,0x000560BB,盗贼,賊,Outlaw,0,class1:ordinary;class2:ordinary,1.0,0x3F800000,0xFFFF,0x0000,0x1F,1;2;3;4;5,7,0,0,9D0B0000BB600500FFFFFFFF0000803F17D4FFFF00001F0007000000
131,0x00032352,盗贼,賊,Outlaw,0,class1:ordinary;class2:ordinary,1.0,0x3F800000,0xFFFF,0x0000,0x1F,1;2;3;4;5,7,0,0,A80B000052230300FFFFFFFF0000803F5FD8FFFF00001F0007000000
132,0x000B3C30,盗贼,賊,Outlaw,0,class1:ordinary;class2:ordinary,1.0,0x3F800000,0xFFFF,0x0000,0x1F,1;2;3;4;5,7,0,0,B50B0000303C0B00FFFFFFFF0000803F4EDAFFFF00001F0007000000
133,0x00033599,盗贼,賊,Outlaw,0,class1:ordinary;class2:ordinary,1.0,0x3F800000,0xFFFF,0x0000,0x1F,1;2;3;4;5,7,0,0,C20B000099350300FFFFFFFF0000803FED34FFFF00001F0007000000
134,0x0003ADE7,盗贼,賊,Outlaw,0,class1:ordinary;class2:ordinary,1.0,0x3F800000,0xFFFF,0x0000,0x1F,1;2;3;4;5,7,0,0,CF0B0000E7AD0300FFFFFFFF0000803F4EC4FFFF00001F0007000000
135,0x000D7383,野武士,野武士,Rogue,1,class1:ordinary;class2:ordinary,1.0,0x3F800000,0xFFFF,0x0000,0x1F,1;2;3;4;5,7,0,0,DC0B000083730D00FFFFFFFF0000803FAE23FFFF00001F0007000100
136,0x00044443,野武士,野武士,Rogue,1,class1:ordinary;class2:ordinary,1.0,0x3F800000,0xFFFF,0x0000,0x1F,1;2;3;4;5,7,0,0,ED0B000043440400FFFFFFFF0000803F0498FFFF00001F0007000100
137,0x00041889,野武士,野武士,Rogue,1,class1:ordinary;class2:ordinary,1.0,0x3F800000,0xFFFF,0x0000,0x1F,1;2;3;4;5,7,0,0,FE0B000089180400FFFFFFFF0000803F3278FFFF00001F0007000100
138,0x0002E7A5,野武士,野武士,Rogue,1,class1:ordinary;class2:ordinary,1.0,0x3F800000,0xFFFF,0x0000,0x1F,1;2;3;4;5,7,0,0,0F0C0000A5E70200FFFFFFFF0000803F017DFFFF00001F0007000100
139,0x0006D1D2,野武士,野武士,Rogue,1,class1:ordinary;class2:ordinary,1.0,0x3F800000,0xFFFF,0x0000,0x1F,1;2;3;4;5,7,0,0,250C0000D2D10600FFFFFFFF0000803F2C0CFFFF00001F0007000100
140,0x00085AE5,野武士,野武士,Rogue,1,class1:ordinary;class2:ordinary,1.0,0x3F800000,0xFFFF,0x0000,0x1F,1;2;3;4;5,7,0,0,3D0C0000E55A0800FFFFFFFF0000803F8EA5FFFF00001F0007000100
141,0x000C8C02,野武士,野武士,Rogue,1,class1:ordinary;class2:ordinary,1.0,0x3F800000,0xFFFF,0x0000,0x1F,1;2;3;4;5,7,0,0,560C0000028C0C00FFFFFFFF0000803F7515FFFF00001F0007000100
142,0x000AC522,野武士,野武士,Rogue,1,class1:ordinary;class2:ordinary,1.0,0x3F800000,0xFFFF,0x0000,0x1F,1;2;3;4;5,7,0,0,6F0C000022C50A00FFFFFFFF0000803FE0B8FFFF00001F0007000100
143,0x0009742B,野武士,野武士,Rogue,1,class1:ordinary;class2:ordinary,1.0,0x3F800000,0xFFFF,0x0000,0x1F,1;2;3;4;5,7,0,0,880C00002B740900FFFFFFFF0000803F0B9FFFFF00001F0007000100
144,0x0001DF33,野武士,野武士,Rogue,1,class1:ordinary;class2:ordinary,1.0,0x3F800000,0xFFFF,0x0000,0x1F,1;2;3;4;5,7,0,0,9E0C000033DF0100FFFFFFFF0000803FAF94FFFF00001F0007000100
145,0x0001091E,野武士,野武士,Rogue,1,class1:ordinary;class2:ordinary,1.0,0x3F800000,0xFFFF,0x0000,0x1F,1;2;3;4;5,7,0,0,B60C00001E090100FFFFFFFF0000803FFB15FFFF00001F0007000100
146,0x0004AC17,野武士,野武士,Rogue,1,class1:ordinary;class2:ordinary,1.0,0x3F800000,0xFFFF,0x0000,0x1F,1;2;3;4;5,7,0,0,CF0C000017AC0400FFFFFFFF0000803F39D3FFFF00001F0007000100
147,0x0000DE8C,野武士,野武士,Rogue,1,class1:ordinary;class2:ordinary,1.0,0x3F800000,0xFFFF,0x0000,0x1F,1;2;3;4;5,7,0,0,DE0C00008CDE0000FFFFFFFF0000803F662FFFFF00001F0007000100
148,0x0005432C,野武士,野武士,Rogue,1,class1:ordinary;class2:ordinary,1.0,0x3F800000,0xFFFF,0x0000,0x1F,1;2;3;4;5,7,0,0,ED0C00002C430500FFFFFFFF0000803F53BDFFFF00001F0007000100
149,0x0000BB7D,野武士,野武士,Rogue,1,class1:ordinary;class2:ordinary,1.0,0x3F800000,0xFFFF,0x0000,0x1F,1;2;3;4;5,7,0,0,FC0C00007DBB0000FFFFFFFF0000803F3A7CFFFF00001F0007000100
150,0x000A4F31,野武士,野武士,Rogue,1,class1:ordinary;class2:ordinary,1.0,0x3F800000,0xFFFF,0x0000,0x1F,1;2;3;4;5,7,0,0,0A0D0000314F0A00FFFFFFFF0000803F2B6CFFFF00001F0007000100
151,0x00041BA8,野武士,野武士,Rogue,1,class1:ordinary;class2:ordinary,1.0,0x3F800000,0xFFFF,0x0000,0x1F,1;2;3;4;5,7,0,0,180D0000A81B0400FFFFFFFF0000803F0348FFFF00001F0007000100
152,0x000F345E,野武士,野武士,Rogue,1,class1:ordinary;class2:ordinary,1.0,0x3F800000,0xFFFF,0x0000,0x1F,1;2;3;4;5,7,0,0,260D00005E340F00FFFFFFFF0000803FE9A9FFFF00001F0007000100
153,0x00074C54,野武士,野武士,Rogue,1,class1:ordinary;class2:ordinary,1.0,0x3F800000,0xFFFF,0x0000,0x1F,1;2;3;4;5,7,0,0,360D0000544C0700FFFFFFFF0000803F8EAEFFFF00001F0007000100
154,0x000751E6,野武士,野武士,Rogue,1,class1:ordinary;class2:ordinary,1.0,0x3F800000,0xFFFF,0x0000,0x1F,1;2;3;4;5,7,0,0,460D0000E6510700FFFFFFFF0000803FAA5EFFFF00001F0007000100
155,0x000C8B29,野武士,野武士,Rogue,1,class1:ordinary;class2:ordinary,1.0,0x3F800000,0xFFFF,0x0000,0x1F,1;2;3;4;5,7,0,0,560D0000298B0C00FFFFFFFF0000803FED67FFFF00001F0007000100
156,0x000376AB,忍者,忍者,Ninja,0,class1:ordinary;class2:ordinary,1.5,0x3FC00000,0xFFFF,0x0000,0x1F,1;2;3;4;5,8,0,0,660D0000AB760300FFFFFFFF0000C03F8C5CFFFF00001F0008000000
157,0x00002EEE,忍者,忍者,Ninja,0,class1:ordinary;class2:ordinary,1.5,0x3FC00000,0xFFFF,0x0000,0x1F,1;2;3;4;5,8,0,0,730D0000EE2E0000FFFFFFFF0000C03FD659FFFF00001F0008000000
158,0x000E88CF,忍者,忍者,Ninja,0,class1:ordinary;class2:ordinary,1.5,0x3FC00000,0xFFFF,0x0000,0x1F,1;2;3;4;5,8,0,0,850D0000CF880E00FFFFFFFF0000C03FFA66FFFF00001F0008000000
159,0x000E3778,忍者,忍者,Ninja,0,class1:ordinary;class2:ordinary,1.5,0x3FC00000,0xFFFF,0x0000,0x1F,1;2;3;4;5,8,0,0,9A0D000078370E00FFFFFFFF0000C03FE308FFFF00001F0008000000
160,0x0008146A,忍者,忍者,Ninja,0,class1:ordinary;class2:ordinary,1.5,0x3FC00000,0xFFFF,0x0000,0x1F,1;2;3;4;5,8,0,0,A60D00006A140800FFFFFFFF0000C03F3409FFFF00001F0008000000
161,0x0004D880,忍者,忍者,Ninja,0,class1:ordinary;class2:ordinary,1.5,0x3FC00000,0xFFFF,0x0000,0x1F,1;2;3;4;5,8,0,0,B10D000080D80400FFFFFFFF0000C03F15CAFFFF00001F0008000000
162,0x0009DD3B,忍者,忍者,Ninja,0,class1:ordinary;class2:ordinary,1.5,0x3FC00000,0xFFFF,0x0000,0x1F,1;2;3;4;5,8,0,0,BD0D00003BDD0900FFFFFFFF0000C03FDE66FFFF00001F0008000000
163,0x000293AD,忍者,忍者,Ninja,0,class1:ordinary;class2:ordinary,1.5,0x3FC00000,0xFFFF,0x0000,0x1F,1;2;3;4;5,8,0,0,CB0D0000AD930200FFFFFFFF0000C03F2B28FFFF00001F0008000000
164,0x00099051,阴阳师,陰陽師,Onmyo Mage,0,class1:ordinary;class2:ordinary,1.0,0x3F800000,0xFFFF,0x0000,0x1F,1;2;3;4;5,9,0,0,DB0D000051900900FFFFFFFF0000803F791CFFFF00001F0009000000
165,0x000CBE74,阴阳师,陰陽師,Onmyo Mage,0,class1:ordinary;class2:ordinary,1.0,0x3F800000,0xFFFF,0x0000,0x1F,1;2;3;4;5,9,0,0,E40D000074BE0C00FFFFFFFF0000803F8CCBFFFF00001F0009000000
166,0x00074AF0,阴阳师,陰陽師,Onmyo Mage,0,class1:ordinary;class2:ordinary,1.0,0x3F800000,0xFFFF,0x0000,0x1F,1;2;3;4;5,9,0,0,F20D0000F04A0700FFFFFFFF0000803FF390FFFF00001F0009000000
167,0x0002CB8A,阴阳师,陰陽師,Onmyo Mage,0,class1:ordinary;class2:ordinary,1.0,0x3F800000,0xFFFF,0x0000,0x1F,1;2;3;4;5,9,0,0,010E00008ACB0200FFFFFFFF0000803F71FDFFFF00001F0009000000
168,0x0000EAEC,阴阳师,陰陽師,Onmyo Mage,0,class1:ordinary;class2:ordinary,1.0,0x3F800000,0xFFFF,0x0000,0x1F,1;2;3;4;5,9,0,0,120E0000ECEA0000FFFFFFFF0000803FA4BFFFFF00001F0009000000
169,0x000D09E6,阴阳师,陰陽師,Onmyo Mage,0,class1:ordinary;class2:ordinary,1.5,0x3FC00000,0xFFFF,0x0000,0x1F,1;2;3;4;5,9,0,0,200E0000E6090D00FFFFFFFF0000C03FD6F8FFFF00001F0009000000
170,0x00065C72,阴阳师,陰陽師,Onmyo Mage,0,class1:ordinary;class2:ordinary,1.5,0x3FC00000,0xFFFF,0x0000,0x1F,1;2;3;4;5,9,0,0,2B0E0000725C0600FFFFFFFF0000C03F2B3DFFFF00001F0009000000
171,0x0002DF11,阴阳师,陰陽師,Onmyo Mage,0,class1:ordinary;class2:ordinary,1.5,0x3FC00000,0xFFFF,0x0000,0x1F,1;2;3;4;5,9,0,0,3B0E000011DF0200FFFFFFFF0000C03FF9AFFFFF00001F0009000000
172,0x000E4A28,阴阳师,陰陽師,Onmyo Mage,0,class1:ordinary;class2:ordinary,1.5,0x3FC00000,0xFFFF,0x0000,0x1F,1;2;3;4;5,9,0,0,4C0E0000284A0E00FFFFFFFF0000C03F4970FFFF00001F0009000000
173,0x00044A5E,阴阳师,陰陽師,Onmyo Mage,0,class1:ordinary;class2:ordinary,1.5,0x3FC00000,0xFFFF,0x0000,0x1F,1;2;3;4;5,9,0,0,5F0E00005E4A0400FFFFFFFF0000C03F3D02FFFF00001F0009000000
174,0x0002EFD5,阴阳师,陰陽師,Onmyo Mage,0,class1:ordinary;class2:ordinary,1.5,0x3FC00000,0xFFFF,0x0000,0x1F,1;2;3;4;5,9,0,0,6F0E0000D5EF0200FFFFFFFF0000C03FD237FFFF00001F0009000000
175,0x000D1C92,阴阳师,陰陽師,Onmyo Mage,0,class1:ordinary;class2:ordinary,1.5,0x3FC00000,0xFFFF,0x0000,0x1F,1;2;3;4;5,9,0,0,7C0E0000921C0D00FFFFFFFF0000C03F379DFFFF00001F0009000000
176,0x000B52BF,阴阳师,陰陽師,Onmyo Mage,0,class1:ordinary;class2:ordinary,1.5,0x3FC00000,0xFFFF,0x0000,0x1F,1;2;3;4;5,9,0,0,8E0E0000BF520B00FFFFFFFF0000C03F3321FFFF00001F0009000000
177,0x000D733D,阴阳师,陰陽師,Onmyo Mage,0,class1:ordinary;class2:ordinary,1.5,0x3FC00000,0xFFFF,0x0000,0x1F,1;2;3;4;5,9,0,0,A10E00003D730D00FFFFFFFF0000C03F187CFFFF00001F0009000000
178,0x00000C7F,阴阳师,陰陽師,Onmyo Mage,0,class1:ordinary;class2:ordinary,1.5,0x3FC00000,0xFFFF,0x0000,0x1F,1;2;3;4;5,9,0,0,B60E00007F0C0000FFFFFFFF0000C03FFA83FFFF00001F0009000000
179,0x0005CB58,阴阳师,陰陽師,Onmyo Mage,2,class1:ordinary;class2:ordinary,1.0,0x3F800000,0xFFFF,0x0000,0x1F,1;2;3;4;5,9,0,0,C80E000058CB0500FFFFFFFF0000803F752BFFFF00001F0009000200
180,0x00037137,阴阳师,陰陽師,Onmyo Mage,2,class1:ordinary;class2:ordinary,1.0,0x3F800000,0xFFFF,0x0000,0x1F,1;2;3;4;5,9,0,0,D90E000037710300FFFFFFFF0000803F0704FFFF00001F0009000200
181,0x0008C207,阴阳师,陰陽師,Onmyo Mage,2,class1:ordinary;class2:ordinary,1.0,0x3F800000,0xFFFF,0x0000,0x1F,1;2;3;4;5,9,0,0,EF0E000007C20800FFFFFFFF0000803F266CFFFF00001F0009000200
182,0x000E9039,阴阳师,陰陽師,Onmyo Mage,2,class1:ordinary;class2:ordinary,1.0,0x3F800000,0xFFFF,0x0000,0x1F,1;2;3;4;5,9,0,0,060F000039900E00FFFFFFFF0000803F9EDAFFFF00001F0009000200
183,0x000DBBF9,阴阳师,陰陽師,Onmyo Mage,2,class1:ordinary;class2:ordinary,1.0,0x3F800000,0xFFFF,0x0000,0x1F,1;2;3;4;5,9,0,0,1F0F0000F9BB0D00FFFFFFFF0000803FB37DFFFF00001F0009000200
184,0x00073C48,阴阳师,陰陽師,Onmyo Mage,2,class1:ordinary;class2:ordinary,1.5,0x3FC00000,0xFFFF,0x0000,0x1F,1;2;3;4;5,9,0,0,350F0000483C0700FFFFFFFF0000C03F52AEFFFF00001F0009000200
185,0x000A793F,阴阳师,陰陽師,Onmyo Mage,2,class1:ordinary;class2:ordinary,1.5,0x3FC00000,0xFFFF,0x0000,0x1F,1;2;3;4;5,9,0,0,480F00003F790A00FFFFFFFF0000C03F6E52FFFF00001F0009000200
186,0x00061495,阴阳师,陰陽師,Onmyo Mage,2,class1:ordinary;class2:ordinary,1.5,0x3FC00000,0xFFFF,0x0000,0x1F,1;2;3;4;5,9,0,0,600F000095140600FFFFFFFF0000C03FEF7DFFFF00001F0009000200
187,0x0006343B,阴阳师,陰陽師,Onmyo Mage,2,class1:ordinary;class2:ordinary,1.5,0x3FC00000,0xFFFF,0x0000,0x1F,1;2;3;4;5,9,0,0,790F00003B340600FFFFFFFF0000C03F00A8FFFF00001F0009000200
188,0x0007B808,阴阳师,陰陽師,Onmyo Mage,2,class1:ordinary;class2:ordinary,1.5,0x3FC00000,0xFFFF,0x0000,0x1F,1;2;3;4;5,9,0,0,940F000008B80700FFFFFFFF0000C03FDAB2FFFF00001F0009000200
189,0x0003BA6D,阴阳师,陰陽師,Onmyo Mage,2,class1:ordinary;class2:ordinary,1.5,0x3FC00000,0xFFFF,0x0000,0x1F,1;2;3;4;5,9,0,0,AC0F00006DBA0300FFFFFFFF0000C03F36FAFFFF00001F0009000200
190,0x0002BF39,阴阳师,陰陽師,Onmyo Mage,2,class1:ordinary;class2:ordinary,1.5,0x3FC00000,0xFFFF,0x0000,0x1F,1;2;3;4;5,9,0,0,C10F000039BF0200FFFFFFFF0000C03FFC93FFFF00001F0009000200
191,0x000A2ADA,阴阳师,陰陽師,Onmyo Mage,2,class1:ordinary;class2:ordinary,1.5,0x3FC00000,0xFFFF,0x0000,0x1F,1;2;3;4;5,9,0,0,DB0F0000DA2A0A00FFFFFFFF0000C03FFBB6FFFF00001F0009000200
192,0x0007E550,阴阳师,陰陽師,Onmyo Mage,2,class1:ordinary;class2:ordinary,1.5,0x3FC00000,0xFFFF,0x0000,0x1F,1;2;3;4;5,9,0,0,F60F000050E50700FFFFFFFF0000C03F64CEFFFF00001F0009000200
193,0x000301F3,阴阳师,陰陽師,Onmyo Mage,2,class1:ordinary;class2:ordinary,1.5,0x3FC00000,0xFFFF,0x0000,0x1F,1;2;3;4;5,9,0,0,13100000F3010300FFFFFFFF0000C03F69D0FFFF00001F0009000200
194,0x000E69D7,武田士兵,武田兵士,Takeda Soldier,0,class1:ordinary;class2:ordinary,1.0,0x3F800000,0xFFFF,0x0000,0x1F,1;2;3;4;5,10,0,150,2D100000D7690E00FFFFFFFF0000803F7688FFFF00001F000A000096
195,0x0004E9BB,武田士兵,武田兵士,Takeda Soldier,0,class1:ordinary;class2:ordinary,1.0,0x3F800000,0xFFFF,0x0000,0x1F,1;2;3;4;5,10,0,150,40100000BBE90400FFFFFFFF0000803F9AC5FFFF00001F000A000096
196,0x00025080,武田士兵,武田兵士,Takeda Soldier,0,class1:ordinary;class2:ordinary,1.0,0x3F800000,0xFFFF,0x0000,0x1F,1;2;3;4;5,10,0,150,5110000080500200FFFFFFFF0000803FD9E7FFFF00001F000A000096
197,0x000ECE6E,武田士兵,武田兵士,Takeda Soldier,0,class1:ordinary;class2:ordinary,1.0,0x3F800000,0xFFFF,0x0000,0x1F,1;2;3;4;5,10,0,150,611000006ECE0E00FFFFFFFF0000803FB314FFFF00001F000A000096
198,0x00046086,武田士兵,武田兵士,Takeda Soldier,2,class1:ordinary;class2:ordinary,1.0,0x3F800000,0xFFFF,0x0000,0x1F,1;2;3;4;5,10,0,150,7310000086600400FFFFFFFF0000803F8DDBFFFF00001F000A000296
199,0x000157E8,武田士兵,武田兵士,Takeda Soldier,2,class1:ordinary;class2:ordinary,1.0,0x3F800000,0xFFFF,0x0000,0x1F,1;2;3;4;5,10,0,150,8B100000E8570100FFFFFFFF0000803F23B3FFFF00001F000A000296
200,0x0004027F,武田士兵,武田兵士,Takeda Soldier,2,class1:ordinary;class2:ordinary,1.0,0x3F800000,0xFFFF,0x0000,0x1F,1;2;3;4;5,10,0,150,A51000007F020400FFFFFFFF0000803FFD55FFFF00001F000A000296
201,0x0000659C,武田士兵,武田兵士,Takeda Soldier,0,class1:ordinary;class2:ordinary,1.0,0x3F800000,0xFFFF,0x0000,0x1F,1;2;3;4;5,10,0,150,C01000009C650000FFFFFFFF0000803FBAB6FFFF00001F000A000096
202,0x000B1078,武田士兵,武田兵士,Takeda Soldier,0,class1:ordinary;class2:ordinary,1.0,0x3F800000,0xFFFF,0x0000,0x1F,1;2;3;4;5,10,0,150,D410000078100B00FFFFFFFF0000803F0ED1FFFF00001F000A000096
203,0x000E566E,武田士兵,武田兵士,Takeda Soldier,0,class1:ordinary;class2:ordinary,1.0,0x3F800000,0xFFFF,0x0000,0x1F,1;2;3;4;5,10,0,150,E61000006E560E00FFFFFFFF0000803FCCF8FFFF00001F000A000096
204,0x000CB4AC,武田士兵,武田兵士,Takeda Soldier,0,class1:ordinary;class2:ordinary,1.0,0x3F800000,0xFFFF,0x0000,0x1F,1;2;3;4;5,10,0,150,F7100000ACB40C00FFFFFFFF0000803F51FFFFFF00001F000A000096
205,0x00078067,武田士兵,武田兵士,Takeda Soldier,2,class1:ordinary;class2:ordinary,1.0,0x3F800000,0xFFFF,0x0000,0x1F,1;2;3;4;5,10,0,150,0A11000067800700FFFFFFFF0000803F3EEAFFFF00001F000A000296
206,0x0000645D,武田士兵,武田兵士,Takeda Soldier,2,class1:ordinary;class2:ordinary,1.0,0x3F800000,0xFFFF,0x0000,0x1F,1;2;3;4;5,10,0,150,231100005D640000FFFFFFFF0000803F5647FFFF00001F000A000296
207,0x00067405,武田士兵,武田兵士,Takeda Soldier,2,class1:ordinary;class2:ordinary,1.0,0x3F800000,0xFFFF,0x0000,0x1F,1;2;3;4;5,10,0,150,3E11000005740600FFFFFFFF0000803F159FFFFF00001F000A000296
208,0x00093457,武田士兵,武田兵士,Takeda Soldier,0,class1:ordinary;class2:ordinary,1.0,0x3F800000,0xFFFF,0x0000,0x1F,1;2;3;4;5,10,0,150,5A11000057340900FFFFFFFF0000803F5093FFFF00001F000A000096
209,0x000D5745,武田士兵,武田兵士,Takeda Soldier,0,class1:ordinary;class2:ordinary,1.0,0x3F800000,0xFFFF,0x0000,0x1F,1;2;3;4;5,10,0,150,7211000045570D00FFFFFFFF0000803FA948FFFF00001F000A000096
210,0x00015F4F,武田士兵,武田兵士,Takeda Soldier,0,class1:ordinary;class2:ordinary,1.0,0x3F800000,0xFFFF,0x0000,0x1F,1;2;3;4;5,10,0,150,881100004F5F0100FFFFFFFF0000803F375DFFFF00001F000A000096
211,0x000F1629,武田士兵,武田兵士,Takeda Soldier,0,class1:ordinary;class2:ordinary,1.0,0x3F800000,0xFFFF,0x0000,0x1F,1;2;3;4;5,10,0,150,9D11000029160F00FFFFFFFF0000803F91C4FFFF00001F000A000096
212,0x00083666,武田士兵,武田兵士,Takeda Soldier,2,class1:ordinary;class2:ordinary,1.0,0x3F800000,0xFFFF,0x0000,0x1F,1;2;3;4;5,10,0,150,B411000066360800FFFFFFFF0000803F9BC9FFFF00001F000A000296
213,0x000C1AB4,武田士兵,武田兵士,Takeda Soldier,2,class1:ordinary;class2:ordinary,1.0,0x3F800000,0xFFFF,0x0000,0x1F,1;2;3;4;5,10,0,150,D1110000B41A0C00FFFFFFFF0000803F0B6BFFFF00001F000A000296
214,0x000538F8,武田士兵,武田兵士,Takeda Soldier,2,class1:ordinary;class2:ordinary,1.0,0x3F800000,0xFFFF,0x0000,0x1F,1;2;3;4;5,10,0,150,F0110000F8380500FFFFFFFF0000803FAB20FFFF00001F000A000296
215,0x00094B8D,武田士兵,武田兵士,Takeda Soldier,1,class1:ordinary;class2:ordinary,2.0,0x40000000,0xFFFF,0x0000,0x1F,1;2;3;4;5,10,0,150,101200008D4B0900FFFFFFFF000000408494FFFF00001F000A000196
216,0x0006EA62,武田士兵,武田兵士,Takeda Soldier,1,class1:ordinary;class2:ordinary,2.0,0x40000000,0xFFFF,0x0000,0x1F,1;2;3;4;5,10,0,150,2412000062EA0600FFFFFFFF00000040F6A2FFFF00001F000A000196
217,0x00068E9D,武田士兵,武田兵士,Takeda Soldier,1,class1:ordinary;class2:ordinary,2.0,0x40000000,0xFFFF,0x0000,0x1F,1;2;3;4;5,10,0,150,361200009D8E0600FFFFFFFF00000040FD04FFFF00001F000A000196
218,0x0002ADEE,武田士兵,武田兵士,Takeda Soldier,1,class1:ordinary;class2:ordinary,2.0,0x40000000,0xFFFF,0x0000,0x1F,1;2;3;4;5,10,0,150,47120000EEAD0200FFFFFFFF000000400216FFFF00001F000A000196
219,0x000E9919,武田士兵,武田兵士,Takeda Soldier,1,class1:ordinary;class2:ordinary,2.0,0x40000000,0xFFFF,0x0000,0x1F,1;2;3;4;5,10,0,150,5A12000019990E00FFFFFFFF00000040770EFFFF00001F000A000196
220,0x00068DB9,武田士兵,武田兵士,Takeda Soldier,3,class1:ordinary;class2:ordinary,2.0,0x40000000,0xFFFF,0x0000,0x1F,1;2;3;4;5,10,0,150,6D120000B98D0600FFFFFFFF000000401318FFFF00001F000A000396
221,0x0005DEAF,武田士兵,武田兵士,Takeda Soldier,3,class1:ordinary;class2:ordinary,2.0,0x40000000,0xFFFF,0x0000,0x1F,1;2;3;4;5,10,0,150,86120000AFDE0500FFFFFFFF0000004024E4FFFF00001F000A000396
222,0x0005A605,武田士兵,武田兵士,Takeda Soldier,3,class1:ordinary;class2:ordinary,2.0,0x40000000,0xFFFF,0x0000,0x1F,1;2;3;4;5,10,0,150,A112000005A60500FFFFFFFF000000400513FFFF00001F000A000396
223,0x0004CD69,武田士兵,武田兵士,Takeda Soldier,1,class1:ordinary;class2:ordinary,2.0,0x40000000,0xFFFF,0x0000,0x1F,1;2;3;4;5,10,0,150,BD12000069CD0400FFFFFFFF00000040311EFFFF00001F000A000196
224,0x00081C1A,武田士兵,武田兵士,Takeda Soldier,1,class1:ordinary;class2:ordinary,2.0,0x40000000,0xFFFF,0x0000,0x1F,1;2;3;4;5,10,0,150,D51200001A1C0800FFFFFFFF00000040C2FDFFFF00001F000A000196
225,0x000010A6,武田士兵,武田兵士,Takeda Soldier,1,class1:ordinary;class2:ordinary,2.0,0x40000000,0xFFFF,0x0000,0x1F,1;2;3;4;5,10,0,150,EB120000A6100000FFFFFFFF00000040204DFFFF00001F000A000196
226,0x000B2C5F,武田士兵,武田兵士,Takeda Soldier,1,class1:ordinary;class2:ordinary,2.0,0x40000000,0xFFFF,0x0000,0x1F,1;2;3;4;5,10,0,150,001300005F2C0B00FFFFFFFF000000404096FFFF00001F000A000196
227,0x00014916,武田士兵,武田兵士,Takeda Soldier,1,class1:ordinary;class2:ordinary,2.0,0x40000000,0xFFFF,0x0000,0x1F,1;2;3;4;5,10,0,150,1713000016490100FFFFFFFF000000402954FFFF00001F000A000196
228,0x0000ABB5,武田士兵,武田兵士,Takeda Soldier,3,class1:ordinary;class2:ordinary,2.0,0x40000000,0xFFFF,0x0000,0x1F,1;2;3;4;5,10,0,150,2E130000B5AB0000FFFFFFFF000000407CD1FFFF00001F000A000396
229,0x00045389,武田士兵,武田兵士,Takeda Soldier,3,class1:ordinary;class2:ordinary,2.0,0x40000000,0xFFFF,0x0000,0x1F,1;2;3;4;5,10,0,150,4B13000089530400FFFFFFFF00000040D8EBFFFF00001F000A000396
230,0x000EF0A6,武田士兵,武田兵士,Takeda Soldier,3,class1:ordinary;class2:ordinary,2.0,0x40000000,0xFFFF,0x0000,0x1F,1;2;3;4;5,10,0,150,6A130000A6F00E00FFFFFFFF00000040A3C7FFFF00001F000A000396
231,0x0004B993,镰仓武士,鎌倉武士,Kamakura Warrior,0,class1:ordinary;class2:ordinary,1.0,0x3F800000,0xFFFF,0x0000,0x1F,1;2;3;4;5,11,0,177,8A13000093B90400FFFFFFFF0000803F92BEFFFF00001F000B0000B1
232,0x000751E9,镰仓武士,鎌倉武士,Kamakura Warrior,0,class1:ordinary;class2:ordinary,1.0,0x3F800000,0xFFFF,0x0000,0x1F,1;2;3;4;5,11,0,177,9C130000E9510700FFFFFFFF0000803F2598FFFF00001F000B0000B1
233,0x00043B3D,镰仓武士,鎌倉武士,Kamakura Warrior,0,class1:ordinary;class2:ordinary,1.0,0x3F800000,0xFFFF,0x0000,0x1F,1;2;3;4;5,11,0,177,AC1300003D3B0400FFFFFFFF0000803FD441FFFF00001F000B0000B1
234,0x000244A5,镰仓武士,鎌倉武士,Kamakura Warrior,0,class1:ordinary;class2:ordinary,1.0,0x3F800000,0xFFFF,0x0000,0x1F,1;2;3;4;5,11,0,177,BB130000A5440200FFFFFFFF0000803F4DCFFFFF00001F000B0000B1
235,0x0002BE81,镰仓武士,鎌倉武士,Kamakura Warrior,2,class1:ordinary;class2:ordinary,1.0,0x3F800000,0xFFFF,0x0000,0x1F,1;2;3;4;5,11,0,177,CC13000081BE0200FFFFFFFF0000803F341EFFFF00001F000B0002B1
236,0x000CCA01,镰仓武士,鎌倉武士,Kamakura Warrior,2,class1:ordinary;class2:ordinary,1.0,0x3F800000,0xFFFF,0x0000,0x1F,1;2;3;4;5,11,0,177,E313000001CA0C00FFFFFFFF0000803F8156FFFF00001F000B0002B1
237,0x0008511D,镰仓武士,鎌倉武士,Kamakura Warrior,2,class1:ordinary;class2:ordinary,1.0,0x3F800000,0xFFFF,0x0000,0x1F,1;2;3;4;5,11,0,177,FC1300001D510800FFFFFFFF0000803F4F95FFFF00001F000B0002B1
238,0x0007D73F,镰仓武士,鎌倉武士,Kamakura Warrior,0,class1:ordinary;class2:ordinary,1.0,0x3F800000,0xFFFF,0x0000,0x1F,1;2;3;4;5,11,0,177,161400003FD70700FFFFFFFF0000803F1D84FFFF00001F000B0000B1
239,0x0004F412,镰仓武士,鎌倉武士,Kamakura Warrior,0,class1:ordinary;class2:ordinary,1.0,0x3F800000,0xFFFF,0x0000,0x1F,1;2;3;4;5,11,0,177,2914000012F40400FFFFFFFF0000803F9799FFFF00001F000B0000B1
240,0x000D4695,镰仓武士,鎌倉武士,Kamakura Warrior,0,class1:ordinary;class2:ordinary,1.0,0x3F800000,0xFFFF,0x0000,0x1F,1;2;3;4;5,11,0,177,3A14000095460D00FFFFFFFF0000803FCB0CFFFF00001F000B0000B1
241,0x000772C8,镰仓武士,鎌倉武士,Kamakura Warrior,0,class1:ordinary;class2:ordinary,1.0,0x3F800000,0xFFFF,0x0000,0x1F,1;2;3;4;5,11,0,177,4A140000C8720700FFFFFFFF0000803F8DA0FFFF00001F000B0000B1
242,0x000CECC8,镰仓武士,鎌倉武士,Kamakura Warrior,2,class1:ordinary;class2:ordinary,1.0,0x3F800000,0xFFFF,0x0000,0x1F,1;2;3;4;5,11,0,177,5C140000C8EC0C00FFFFFFFF0000803FF474FFFF00001F000B0002B1
243,0x0002EE71,镰仓武士,鎌倉武士,Kamakura Warrior,2,class1:ordinary;class2:ordinary,1.0,0x3F800000,0xFFFF,0x0000,0x1F,1;2;3;4;5,11,0,177,7414000071EE0200FFFFFFFF0000803F8086FFFF00001F000B0002B1
244,0x000842C3,镰仓武士,鎌倉武士,Kamakura Warrior,2,class1:ordinary;class2:ordinary,1.0,0x3F800000,0xFFFF,0x0000,0x1F,1;2;3;4;5,11,0,177,8E140000C3420800FFFFFFFF0000803FB2E3FFFF00001F000B0002B1
245,0x00006C34,镰仓武士,鎌倉武士,Kamakura Warrior,1,class1:ordinary;class2:ordinary,2.0,0x40000000,0xFFFF,0x0000,0x1F,1;2;3;4;5,11,0,177,A9140000346C0000FFFFFFFF00000040B0A4FFFF00001F000B0001B1
246,0x000DCAC9,镰仓武士,鎌倉武士,Kamakura Warrior,1,class1:ordinary;class2:ordinary,2.0,0x40000000,0xFFFF,0x0000,0x1F,1;2;3;4;5,11,0,177,BC140000C9CA0D00FFFFFFFF0000004044E5FFFF00001F000B0001B1
247,0x0006FABC,镰仓武士,鎌倉武士,Kamakura Warrior,1,class1:ordinary;class2:ordinary,2.0,0x40000000,0xFFFF,0x0000,0x1F,1;2;3;4;5,11,0,177,CD140000BCFA0600FFFFFFFF000000400030FFFF00001F000B0001B1
248,0x000A8006,镰仓武士,鎌倉武士,Kamakura Warrior,1,class1:ordinary;class2:ordinary,2.0,0x40000000,0xFFFF,0x0000,0x1F,1;2;3;4;5,11,0,177,DD14000006800A00FFFFFFFF000000405714FFFF00001F000B0001B1
249,0x00002551,镰仓武士,鎌倉武士,Kamakura Warrior,1,class1:ordinary;class2:ordinary,2.0,0x40000000,0xFFFF,0x0000,0x1F,1;2;3;4;5,11,0,177,EF14000051250000FFFFFFFF00000040534FFFFF00001F000B0001B1
250,0x0009CCAF,镰仓武士,鎌倉武士,Kamakura Warrior,3,class1:ordinary;class2:ordinary,2.0,0x40000000,0xFFFF,0x0000,0x1F,1;2;3;4;5,11,0,177,01150000AFCC0900FFFFFFFF00000040E976FFFF00001F000B0003B1
251,0x0008C268,镰仓武士,鎌倉武士,Kamakura Warrior,3,class1:ordinary;class2:ordinary,2.0,0x40000000,0xFFFF,0x0000,0x1F,1;2;3;4;5,11,0,177,1915000068C20800FFFFFFFF000000403B14FFFF00001F000B0003B1
252,0x000C4D54,镰仓武士,鎌倉武士,Kamakura Warrior,3,class1:ordinary;class2:ordinary,2.0,0x40000000,0xFFFF,0x0000,0x1F,1;2;3;4;5,11,0,177,33150000544D0C00FFFFFFFF000000404A60FFFF00001F000B0003B1
253,0x000E1ABA,狱卒鬼,獄卒鬼,Jailer Oni,0,class1:ordinary;class2:ordinary,1.0,0x3F800000,0xFFFF,0x0000,0x1F,1;2;3;4;5,0,0,0,4E150000BA1A0E00FFFFFFFF0000803FEC12FFFF00001F0000000000
254,0x000232D5,狱卒鬼,獄卒鬼,Jailer Oni,2,class1:ordinary;class2:ordinary,1.0,0x3F800000,0xFFFF,0x0000,0x1F,1;2;3;4;5,0,0,0,5F150000D5320200FFFFFFFF0000803F6D81FFFF00001F0000000200
255,0x000BC496,狱卒鬼,獄卒鬼,Jailer Oni,1,class1:ordinary;class2:ordinary,3.0,0x40400000,0xFFFF,0x0000,0x1F,1;2;3;4;5,0,0,0,6F15000096C40B00FFFFFFFF00004040637CFFFF00001F0000000100
256,0x00099943,狱卒鬼,獄卒鬼,Jailer Oni,0,class1:ordinary;class2:ordinary,1.5,0x3FC00000,0xFFFF,0x0000,0x1F,1;2;3;4;5,0,0,0,8015000043990900FFFFFFFF0000C03F7B19FFFF00001F0000000000
257,0x000E6F42,狱卒鬼,獄卒鬼,Jailer Oni,2,class1:ordinary;class2:ordinary,1.5,0x3FC00000,0xFFFF,0x0000,0x1F,1;2;3;4;5,0,0,0,8E150000426F0E00FFFFFFFF0000C03FAEBDFFFF00001F0000000200
258,0x000F3566,狱卒鬼,獄卒鬼,Jailer Oni,1,class1:ordinary;class2:ordinary,3.0,0x40400000,0xFFFF,0x0000,0x1F,1;2;3;4;5,0,0,0,9F15000066350F00FFFFFFFF00004040416AFFFF00001F0000000100
259,0x0001A2E6,狱卒鬼,獄卒鬼,Jailer Oni,0,class1:ordinary;class2:ordinary,1.5,0x3FC00000,0xFFFF,0x0000,0x1F,1;2;3;4;5,0,0,0,B4150000E6A20100FFFFFFFF0000C03FF672FFFF00001F0000000000
260,0x0003CF7D,狱卒鬼,獄卒鬼,Jailer Oni,2,class1:ordinary;class2:ordinary,1.5,0x3FC00000,0xFFFF,0x0000,0x1F,1;2;3;4;5,0,0,0,C51500007DCF0300FFFFFFFF0000C03F8108FFFF00001F0000000200
261,0x000D0779,狱卒鬼,獄卒鬼,Jailer Oni,1,class1:ordinary;class2:ordinary,3.0,0x40400000,0xFFFF,0x0000,0x1F,1;2;3;4;5,0,0,0,DC15000079070D00FFFFFFFF000040407133FFFF00001F0000000100
262,0x000E8E25,狱卒鬼,獄卒鬼,Jailer Oni,0,class1:ordinary;class2:ordinary,1.5,0x3FC00000,0xFFFF,0x0000,0x1F,1;2;3;4;5,0,0,0,F4150000258E0E00FFFFFFFF0000C03F260DFFFF00001F0000000000
263,0x00026C12,狱卒鬼,獄卒鬼,Jailer Oni,1,class1:ordinary;class2:ordinary,3.0,0x40400000,0xFFFF,0x0000,0x1F,1;2;3;4;5,0,0,0,06160000126C0200FFFFFFFF00004040DF14FFFF00001F0000000100
264,0x000A6DDA,狱卒鬼,獄卒鬼,Jailer Oni,0,class1:ordinary;class2:ordinary,1.5,0x3FC00000,0xFFFF,0x0000,0x1F,1;2;3;4;5,0,0,0,1F160000DA6D0A00FFFFFFFF0000C03F0C41FFFF00001F0000000000
265,0x000B77A6,狱卒鬼,獄卒鬼,Jailer Oni,2,class1:ordinary;class2:ordinary,1.5,0x3FC00000,0xFFFF,0x0000,0x1F,1;2;3;4;5,0,0,0,2E160000A6770B00FFFFFFFF0000C03FCFFEFFFF00001F0000000200
266,0x000C0618,狱卒鬼,獄卒鬼,Jailer Oni,1,class1:ordinary;class2:ordinary,3.0,0x40400000,0xFFFF,0x0000,0x1F,1;2;3;4;5,0,0,0,4316000018060C00FFFFFFFF0000404082A5FFFF00001F0000000100
267,0x000643F5,山狗,山狗,Yamainu,1,class1:ordinary;class2:ordinary,3.0,0x40400000,0xFFFF,0x0000,0x1F,1;2;3;4;5,0,0,0,59160000F5430600FFFFFFFF0000404049EEFFFF00001F0000000100
268,0x0005A056,雷兽,雷獣,Raiju,1,class1:ordinary;class2:ordinary,3.0,0x40400000,0xFFFF,0x0000,0x1F,1;2;3;4;5,0,0,0,6116000056A00500FFFFFFFF000040402740FFFF00001F0000000100
269,0x0008BE37,野槌,野槌,Nozuchi,1,class1:ordinary;class2:ordinary,3.0,0x40400000,0xFFFF,0x0006,0x1F,1;2;3;4;5,0,0,0,6716000037BE0800FFFFFFFF000040401DA7FFFF06001F0000000100
270,0x0004A66A,野槌,野槌,Nozuchi,1,class1:ordinary;class2:ordinary,3.0,0x40400000,0xFFFF,0x0006,0x1F,1;2;3;4;5,0,0,0,6F1600006AA60400FFFFFFFF00004040DA68FFFF06001F0000000100
271,0x000ACB89,夜行兵,夜行兵,Yagyo Soldier,1,class1:ordinary;class2:ordinary,3.0,0x40400000,0xFFFF,0x0006,0x1F,1;2;3;4;5,0,0,0,7B16000089CB0A00FFFFFFFF000040408E6DFFFF06001F0000000100
272,0x0002D571,夜行兵,夜行兵,Yagyo Soldier,1,class1:ordinary;class2:ordinary,3.0,0x40400000,0xFFFF,0x0006,0x1F,1;2;3;4;5,0,0,0,8416000071D50200FFFFFFFF0000404086CAFFFF06001F0000000100
273,0x0003EFC9,夜行兵,夜行兵,Yagyo Soldier,1,class1:ordinary;class2:ordinary,3.0,0x40400000,0xFFFF,0x0006,0x1F,1;2;3;4;5,0,0,0,93160000C9EF0300FFFFFFFF00004040DBD5FFFF06001F0000000100
274,0x000DEE24,山彦,やまびこ,Yamabiko,0,class1:ordinary;class2:ordinary,1.5,0x3FC00000,0xFFFF,0x0000,0x1F,1;2;3;4;5,0,0,0,A616000024EE0D00FFFFFFFF0000C03F469EFFFF00001F0000000000
275,0x000481B0,山彦,やまびこ,Yamabiko,2,class1:ordinary;class2:ordinary,1.5,0x3FC00000,0xFFFF,0x0000,0x1F,1;2;3;4;5,0,0,0,AF160000B0810400FFFFFFFF0000C03FF69EFFFF00001F0000000200
276,0x000AA34F,撒沙婆婆,砂かけ婆,Sunakake-baba,1,class1:ordinary;class2:ordinary,3.0,0x40400000,0xFFFF,0x0006,0x1F,1;2;3;4;5,0,0,0,BE1600004FA30A00FFFFFFFF000040401DF8FFFF06001F0000000100
277,0x00041F70,地狱蜂,地獄蜂,Crucible Wasp,0,class1:ordinary;class2:ordinary,1.0,0x3F800000,0xFFFF,0x0002,0x1F,1;2;3;4;5,0,0,0,CB160000701F0400FFFFFFFF0000803FC47CFFFF02001F0000000000
278,0x00053CC1,地狱蜂,地獄蜂,Crucible Wasp,0,class1:ordinary;class2:ordinary,1.0,0x3F800000,0xFFFF,0x0002,0x1F,1;2;3;4;5,0,0,0,D7160000C13C0500FFFFFFFF0000803FDCF2FFFF02001F0000000000
279,0x000D6D7F,地狱蜂,地獄蜂,Crucible Wasp,0,class1:ordinary;class2:ordinary,1.0,0x3F800000,0xFFFF,0x0002,0x1F,1;2;3;4;5,0,0,0,EA1600007F6D0D00FFFFFFFF0000803FBA99FFFF02001F0000000000
280,0x000C18A9,人鱼,人魚,Mermaid,1,class1:ordinary;class2:ordinary,1.5,0x3FC00000,0xFFFF,0x0000,0x1F,1;2;3;4;5,0,0,0,00170000A9180C00FFFFFFFF0000C03F2508FFFF00001F0000000100
281,0x0003EC8A,见越入道,見越し入道,Mikoshi Nyudo,1,class1:ordinary;class2:ordinary,3.0,0x40400000,0xFFFF,0x0006,0x1F,1;2;3;4;5,0,0,0,071700008AEC0300FFFFFFFF000040402FD6FFFF06001F0000000100
282,0x00091574,见越入道,見越し入道,Mikoshi Nyudo,1,class1:ordinary;class2:ordinary,3.0,0x40400000,0xFFFF,0x0006,0x1F,1;2;3;4;5,0,0,0,0F17000074150900FFFFFFFF0000404004FBFFFF06001F0000000100
283,0x0006F167,见越入道,見越し入道,Mikoshi Nyudo,1,class1:ordinary;class2:ordinary,3.0,0x40400000,0xFFFF,0x0006,0x1F,1;2;3;4;5,0,0,0,1C17000067F10600FFFFFFFF00004040A518FFFF06001F0000000100
284,0x00053347,朱盆,朱の盆,Shunobon,0,class1:ordinary;class2:ordinary,1.0,0x3F800000,0xFFFF,0x0000,0x1F,1;2;3;4;5,0,0,0,2A17000047330500FFFFFFFF0000803FAFC1FFFF00001F0000000000
285,0x0005E52D,朱盆,朱の盆,Shunobon,0,class1:ordinary;class2:ordinary,1.0,0x3F800000,0xFFFF,0x0000,0x1F,1;2;3;4;5,0,0,0,331700002DE50500FFFFFFFF0000803FBB2CFFFF00001F0000000000
286,0x00097AD6,朱盆,朱の盆,Shunobon,0,class1:ordinary;class2:ordinary,1.0,0x3F800000,0xFFFF,0x0000,0x1F,1;2;3;4;5,0,0,0,41170000D67A0900FFFFFFFF0000803FF3A9FFFF00001F0000000000
287,0x000A697F,朱盆,朱の盆,Shunobon,0,class1:ordinary;class2:ordinary,1.0,0x3F800000,0xFFFF,0x0000,0x1F,1;2;3;4;5,0,0,0,501700007F690A00FFFFFFFF0000803FB713FFFF00001F0000000000
288,0x000300B8,朱盆,朱の盆,Shunobon,2,class1:ordinary;class2:ordinary,1.0,0x3F800000,0xFFFF,0x0000,0x1F,1;2;3;4;5,0,0,0,60170000B8000300FFFFFFFF0000803FE450FFFF00001F0000000200
289,0x000DF255,朱盆,朱の盆,Shunobon,2,class1:ordinary;class2:ordinary,1.0,0x3F800000,0xFFFF,0x0000,0x1F,1;2;3;4;5,0,0,0,6F17000055F20D00FFFFFFFF0000803F8B96FFFF00001F0000000200
290,0x000E0BB4,朱盆,朱の盆,Shunobon,2,class1:ordinary;class2:ordinary,1.0,0x3F800000,0xFFFF,0x0000,0x1F,1;2;3;4;5,0,0,0,83170000B40B0E00FFFFFFFF0000803FDF36FFFF00001F0000000200
291,0x00060E01,朱盆,朱の盆,Shunobon,2,class1:ordinary;class2:ordinary,1.0,0x3F800000,0xFFFF,0x0000,0x1F,1;2;3;4;5,0,0,0,98170000010E0600FFFFFFFF0000803F5A47FFFF00001F0000000200
292,0x0006DE91,一目连,一目連,Ichimokuren,1,class1:ordinary;class2:ordinary,3.0,0x40400000,0xFFFF,0x0006,0x1F,1;2;3;4;5,0,0,0,AE17000091DE0600FFFFFFFF00004040FC74FFFF06001F0000000100
293,0x00000F02,饿鬼,餓鬼,Gaki,0,class1:ordinary;class2:ordinary,1.0,0x3F800000,0xFFFF,0x0000,0x1F,1;2;3;4;5,0,0,0,BA170000020F0000FFFFFFFF0000803F8A80FFFF00001F0000000000
294,0x000F0DC3,饿鬼,餓鬼,Gaki,0,class1:ordinary;class2:ordinary,2.0,0x40000000,0xFFFF,0x0000,0x1F,1;2;3;4;5,0,0,0,BF170000C30D0F00FFFFFFFF000000409727FFFF00001F0000000000
295,0x0009DB37,饿鬼,餓鬼,Gaki,2,class1:ordinary;class2:ordinary,1.0,0x3F800000,0xFFFF,0x0000,0x1F,1;2;3;4;5,0,0,0,C817000037DB0900FFFFFFFF0000803FF734FFFF00001F0000000200
296,0x000144D6,棘饿鬼,茨餓鬼,Thorned Gaki,0,class1:ordinary;class2:ordinary,1.5,0x3FC00000,0xFFFF,0x0000,0x1F,1;2;3;4;5,0,0,0,D3170000D6440100FFFFFFFF0000C03F5B08FFFF00001F0000000000
297,0x00099C30,棘饿鬼,茨餓鬼,Thorned Gaki,0,class1:ordinary;class2:ordinary,1.0,0x3F800000,0xFFFF,0x0000,0x1F,1;2;3;4;5,0,0,0,DC170000309C0900FFFFFFFF0000803F9F84FFFF00001F0000000000
298,0x0002CD16,棘饿鬼,茨餓鬼,Thorned Gaki,0,class1:ordinary;class2:ordinary,1.0,0x3F800000,0xFFFF,0x0000,0x1F,1;2;3;4;5,0,0,0,EB17000016CD0200FFFFFFFF0000803FEF2CFFFF00001F0000000000
299,0x000BF939,棘饿鬼,茨餓鬼,Thorned Gaki,2,class1:ordinary;class2:ordinary,1.0,0x3F800000,0xFFFF,0x0000,0x1F,1;2;3;4;5,0,0,0,FE17000039F90B00FFFFFFFF0000803F2EF6FFFF00001F0000000200
300,0x0002298A,饿鬼大将,餓鬼大将,Gaki Chief,1,class1:ordinary;class2:ordinary,3.0,0x40400000,0xFFFF,0x0006,0x1F,1;2;3;4;5,0,0,0,131800008A290200FFFFFFFF000040409E56FFFF06001F0000000100
301,0x00077FDE,幽鬼,幽鬼,Grudge Spirit,0,class1:ordinary;class2:ordinary,0.5,0x3F000000,0xFFFF,0x0000,0x1F,1;2;3;4;5,0,0,0,1E180000DE7F0700FFFFFFFF0000003FFED8FFFF00001F0000000000
302,0x00083085,狂骨,狂骨,Kyokotsu,1,class1:ordinary;class2:ordinary,3.0,0x40400000,0xFFFF,0x0006,0x1F,1;2;3;4;5,0,0,0,2418000085300800FFFFFFFF0000404030B9FFFF06001F0000000100
303,0x00056F1F,垢尝,垢嘗,Akaname,0,class1:ordinary;class2:ordinary,1.0,0x3F800000,0xFFFF,0x0000,0x1F,1;2;3;4;5,0,0,0,2E1800001F6F0500FFFFFFFF0000803FC233FFFF00001F0000000000
304,0x0007F476,冰柱女,つらら女,Tsurara-onna,1,class1:ordinary;class2:ordinary,3.0,0x40400000,0xFFFF,0x0000,0x1F,1;2;3;4;5,0,0,0,3618000076F40700FFFFFFFF00004040E39CFFFF00001F0000000100
305,0x000F3EB0,妖鬼,妖鬼,Yoki,1,class1:ordinary;class2:ordinary,3.0,0x40400000,0xFFFF,0x0000,0x1F,1;2;3;4;5,0,0,0,42180000B03E0F00FFFFFFFF000040401F3CFFFF00001F0000000100
306,0x0002E05C,妖鬼,妖鬼,Yoki,1,class1:ordinary;class2:ordinary,3.0,0x40400000,0xFFFF,0x0000,0x1F,1;2;3;4;5,0,0,0,551800005CE00200FFFFFFFF000040401947FFFF00001F0000000100
307,0x00091E1A,忍者妖鬼,忍者妖鬼,Ninja Yoki,1,class1:ordinary;class2:ordinary,3.0,0x40400000,0xFFFF,0x0000,0x1F,1;2;3;4;5,0,0,0,651800001A1E0900FFFFFFFF00004040B267FFFF00001F0000000100
308,0x000816E0,忍者妖鬼,忍者妖鬼,Ninja Yoki,1,class1:ordinary;class2:ordinary,3.0,0x40400000,0xFFFF,0x0000,0x1F,1;2;3;4;5,0,0,0,77180000E0160800FFFFFFFF00004040209DFFFF00001F0000000100
309,0x0005DB6E,忍者妖鬼,忍者妖鬼,Ninja Yoki,3,class1:ordinary;class2:ordinary,3.0,0x40400000,0xFFFF,0x0000,0x1F,1;2;3;4;5,0,0,0,881800006EDB0500FFFFFFFF00004040CAB9FFFF00001F0000000300
310,0x0005040C,亡骸武者,骸武者,Skeleton Warrior,0,class1:ordinary;class2:ordinary,1.0,0x3F800000,0xFFFF,0x0000,0x1F,1;2;3;4;5,0,0,0,9B1800000C040500FFFFFFFF0000803FBAD5FFFF00001F0000000000
311,0x000CB09A,亡骸武者,骸武者,Skeleton Warrior,2,class1:ordinary;class2:ordinary,1.0,0x3F800000,0xFFFF,0x0000,0x1F,1;2;3;4;5,0,0,0,AD1800009AB00C00FFFFFFFF0000803F7224FFFF00001F0000000200
312,0x000E3769,亡骸武者,骸武者,Skeleton Warrior,2,class1:ordinary;class2:ordinary,1.0,0x3F800000,0xFFFF,0x0000,0x1F,1;2;3;4;5,0,0,0,C318000069370E00FFFFFFFF0000803FCBEEFFFF00001F0000000200
313,0x0003B38C,亡骸武者,骸武者,Skeleton Warrior,2,class1:ordinary;class2:ordinary,1.0,0x3F800000,0xFFFF,0x0000,0x1F,1;2;3;4;5,0,0,0,DC1800008CB30300FFFFFFFF0000803F154FFFFF00001F0000000200
314,0x00028204,亡骸武者,骸武者,Skeleton Warrior,0,class1:ordinary;class2:ordinary,1.0,0x3F800000,0xFFFF,0x0000,0x1F,1;2;3;4;5,0,0,0,F618000004820200FFFFFFFF0000803FF9DDFFFF00001F0000000000
315,0x000BCC5B,亡骸武者,骸武者,Skeleton Warrior,1,class1:ordinary;class2:ordinary,2.0,0x40000000,0xFFFF,0x0000,0x1F,1;2;3;4;5,0,0,0,061900005BCC0B00FFFFFFFF000000400D49FFFF00001F0000000100
316,0x00056793,亡骸武者,骸武者,Skeleton Warrior,0,class1:ordinary;class2:ordinary,1.0,0x3F800000,0xFFFF,0x0000,0x1F,1;2;3;4;5,0,0,150,1519000093670500FFFFFFFF0000803F5966FFFF00001F0000000096
317,0x000CD93B,亡骸武者,骸武者,Skeleton Warrior,2,class1:ordinary;class2:ordinary,1.0,0x3F800000,0xFFFF,0x0000,0x1F,1;2;3;4;5,0,0,150,2E1900003BD90C00FFFFFFFF0000803F9956FFFF00001F0000000296
318,0x0008BC99,亡骸武者,骸武者,Skeleton Warrior,2,class1:ordinary;class2:ordinary,1.0,0x3F800000,0xFFFF,0x0000,0x1F,1;2;3;4;5,0,0,150,4B19000099BC0800FFFFFFFF0000803F04BFFFFF00001F0000000296
319,0x000892BB,亡骸武者,骸武者,Skeleton Warrior,2,class1:ordinary;class2:ordinary,1.0,0x3F800000,0xFFFF,0x0000,0x1F,1;2;3;4;5,0,0,150,6B190000BB920800FFFFFFFF0000803FF3AAFFFF00001F0000000296
320,0x000ED6B1,亡骸武者,骸武者,Skeleton Warrior,0,class1:ordinary;class2:ordinary,1.0,0x3F800000,0xFFFF,0x0000,0x1F,1;2;3;4;5,0,0,150,8C190000B1D60E00FFFFFFFF0000803F6A10FFFF00001F0000000096
321,0x0006A2C9,亡骸武者,骸武者,Skeleton Warrior,1,class1:ordinary;class2:ordinary,2.0,0x40000000,0xFFFF,0x0000,0x1F,1;2;3;4;5,0,0,150,A3190000C9A20600FFFFFFFF00000040ACB8FFFF00001F0000000196
322,0x000E2E6D,敷次郎,敷次郎,Dweller,0,class1:ordinary;class2:ordinary,1.0,0x3F800000,0xFFFF,0x0000,0x1F,1;2;3;4;5,0,0,0,B91900006D2E0E00FFFFFFFF0000803FDFF9FFFF00001F0000000000
323,0x00062699,敷次郎,敷次郎,Dweller,2,class1:ordinary;class2:ordinary,1.0,0x3F800000,0xFFFF,0x0000,0x1F,1;2;3;4;5,0,0,0,C419000099260600FFFFFFFF0000803F7C54FFFF00001F0000000200
324,0x00082783,敷次郎,敷次郎,Dweller,1,class1:ordinary;class2:ordinary,2.0,0x40000000,0xFFFF,0x0000,0x1F,1;2;3;4;5,0,0,0,D519000083270800FFFFFFFF000000401D4AFFFF00001F0000000100
325,0x000E55D2,鬼火,鬼火,Oni-bi,0,class1:ordinary;class2:ordinary,1.0,0x3F800000,0xFFFF,0x0000,0x1F,1;2;3;4;5,0,0,0,E4190000D2550E00FFFFFFFF0000803F3393FFFF00001F0000000000
326,0x00022F7C,鬼火,鬼火,Oni-bi,0,class1:ordinary;class2:ordinary,1.0,0x3F800000,0xFFFF,0x0000,0x1F,1;2;3;4;5,0,0,0,F21900007C2F0200FFFFFFFF0000803F061AFFFF00001F0000000000
327,0x0008D221,鬼火,鬼火,Oni-bi,0,class1:ordinary;class2:ordinary,1.0,0x3F800000,0xFFFF,0x0000,0x1F,1;2;3;4;5,0,0,0,011A000021D20800FFFFFFFF0000803FB526FFFF00001F0000000000
328,0x000D651D,鬼火,鬼火,Oni-bi,0,class1:ordinary;class2:ordinary,1.0,0x3F800000,0xFFFF,0x0000,0x1F,1;2;3;4;5,0,0,0,0F1A00001D650D00FFFFFFFF0000803F387EFFFF00001F0000000000
329,0x0001B70C,小海坊主,小海坊主,Lesser Umi-bozu,0,class1:ordinary;class2:ordinary,1.5,0x3FC00000,0xFFFF,0x0000,0x1F,1;2;3;4;5,0,0,0,201A00000CB70100FFFFFFFF0000C03F030EFFFF00001F0000000000
330,0x000ECDB4,小海坊主,小海坊主,Lesser Umi-bozu,0,class1:ordinary;class2:ordinary,1.5,0x3FC00000,0xFFFF,0x0000,0x1F,1;2;3;4;5,0,0,0,331A0000B4CD0E00FFFFFFFF0000C03FD0B1FFFF00001F0000000000
331,0x000ED0D6,乌鸦天狗,烏天狗,Karasu Tengu,1,class1:ordinary;class2:ordinary,3.0,0x40400000,0xFFFF,0x0002,0x1F,1;2;3;4;5,0,0,0,4C1A0000D6D00E00FFFFFFFF000040402CEBFFFF02001F0000000100
332,0x000705DD,轮入道,輪入道,Wheelmonk,1,class1:ordinary;class2:ordinary,2.0,0x40000000,0xFFFF,0x0000,0x1F,1;2;3;4;5,0,0,0,551A0000DD050700FFFFFFFF00000040931FFFFF00001F0000000100
333,0x00006CD3,独脚踏鞴,一本だたら,Ippon-Datara,1,class1:ordinary;class2:ordinary,3.0,0x40400000,0xFFFF,0x0002,0x1F,1;2;3;4;5,0,0,0,611A0000D36C0000FFFFFFFF00004040F8DDFFFF02001F0000000100
334,0x000561AC,独脚踏鞴,一本だたら,Ippon-Datara,1,class1:ordinary;class2:ordinary,3.0,0x40400000,0xFFFF,0x0002,0x1F,1;2;3;4;5,0,0,0,711A0000AC610500FFFFFFFF00004040140BFFFF02001F0000000100
335,0x0004CF03,妖蟹,化け蟹,Bakegani,1,class1:ordinary;class2:ordinary,3.0,0x40400000,0xFFFF,0x0000,0x1F,1;2;3;4;5,0,0,0,831A000003CF0400FFFFFFFF00004040AB22FFFF00001F0000000100
336,0x00001AB5,妖蟹,化け蟹,Bakegani,1,class1:ordinary;class2:ordinary,3.0,0x40400000,0xFFFF,0x0000,0x1F,1;2;3;4;5,0,0,0,8C1A0000B51A0000FFFFFFFF000040400D90FFFF00001F0000000100
337,0x000061EB,妖蟹,化け蟹,Bakegani,3,class1:ordinary;class2:ordinary,3.0,0x40400000,0xFFFF,0x0000,0x1F,1;2;3;4;5,0,0,0,9A1A0000EB610000FFFFFFFF00004040D137FFFF00001F0000000300
338,0x000C3FF5,妖蟹,化け蟹,Bakegani,3,class1:ordinary;class2:ordinary,3.0,0x40400000,0xFFFF,0x0000,0x1F,1;2;3;4;5,0,0,0,A91A0000F53F0C00FFFFFFFF00004040B908FFFF00001F0000000300
339,0x000A8833,妖蟹,化け蟹,Bakegani,0,class1:ordinary;class2:ordinary,1.0,0x3F800000,0xFFFF,0x0000,0x1F,1;2;3;4;5,0,0,0,BD1A000033880A00FFFFFFFF0000803FC731FFFF00001F0000000000
340,0x0000CB88,妖蟹,化け蟹,Bakegani,0,class1:ordinary;class2:ordinary,1.0,0x3F800000,0xFFFF,0x0000,0x1F,1;2;3;4;5,0,0,0,C81A000088CB0000FFFFFFFF0000803F41AAFFFF00001F0000000000
341,0x0003B1B8,妖蟹,化け蟹,Bakegani,2,class1:ordinary;class2:ordinary,1.0,0x3F800000,0xFFFF,0x0000,0x1F,1;2;3;4;5,0,0,0,D81A0000B8B10300FFFFFFFF0000803F34F0FFFF00001F0000000200
342,0x00073BAB,妖蟹,化け蟹,Bakegani,2,class1:ordinary;class2:ordinary,1.0,0x3F800000,0xFFFF,0x0000,0x1F,1;2;3;4;5,0,0,0,E91A0000AB3B0700FFFFFFFF0000803FBC51FFFF00001F0000000200
343,0x000D5AE8,濡女,濡れ女,Nure-onna,1,class1:ordinary;class2:ordinary,3.0,0x40400000,0xFFFF,0x0000,0x1F,1;2;3;4;5,0,0,0,FF1A0000E85A0D00FFFFFFFF0000404078A6FFFF00001F0000000100
344,0x0001AA93,猿鬼,猿鬼,Enki,1,class1:ordinary;class2:ordinary,3.0,0x40400000,0xFFFF,0x0000,0x1F,1;2;3;4;5,0,0,0,081B000093AA0100FFFFFFFF00004040CF2EFFFF00001F0000000100
345,0x000573CF,独眼小僧,一つ目小僧,One-eyed Imp,0,class1:ordinary;class2:ordinary,2.0,0x40000000,0xFFFF,0x0002,0x1F,1;2;3;4;5,0,0,0,0D1B0000CF730500FFFFFFFF000000405D1AFFFF02001F0000000000
346,0x00001E3E,独眼小僧,一つ目小僧,One-eyed Imp,0,class1:ordinary;class2:ordinary,2.0,0x40000000,0xFFFF,0x0002,0x1F,1;2;3;4;5,0,0,0,161B00003E1E0000FFFFFFFF00000040911AFFFF02001F0000000000
347,0x00056628,独眼小僧,一つ目小僧,One-eyed Imp,0,class1:ordinary;class2:ordinary,2.0,0x40000000,0xFFFF,0x0002,0x1F,1;2;3;4;5,0,0,0,231B000028660500FFFFFFFF000000405CC6FFFF02001F0000000000
348,0x0009FA05,独眼小僧,一つ目小僧,One-eyed Imp,0,class1:ordinary;class2:ordinary,2.0,0x40000000,0xFFFF,0x0002,0x1F,1;2;3;4;5,0,0,0,321B000005FA0900FFFFFFFF000000404F81FFFF02001F0000000000
349,0x00075D9B,独眼鬼,一つ目鬼,One-eyed Oni,1,class1:ordinary;class2:ordinary,3.0,0x40400000,0xFFFF,0x0002,0x1F,1;2;3;4;5,0,0,0,401B00009B5D0700FFFFFFFF00004040FA77FFFF02001F0000000100
350,0x000D4C73,雪入道,雪入道,Snowclops,1,class1:ordinary;class2:ordinary,3.0,0x40400000,0xFFFF,0x0002,0x1F,1;2;3;4;5,0,0,0,441B0000734C0D00FFFFFFFF00004040428BFFFF02001F0000000100
351,0x0003B86E,独眼鬼,一つ目鬼,One-eyed Oni,3,class1:ordinary;class2:ordinary,3.0,0x40400000,0xFFFF,0x0002,0x1F,1;2;3;4;5,0,0,0,4D1B00006EB80300FFFFFFFF000040401C41FFFF02001F0000000300
352,0x0003063C,雪入道,雪入道,Snowclops,3,class1:ordinary;class2:ordinary,3.0,0x40400000,0xFFFF,0x0002,0x1F,1;2;3;4;5,0,0,0,571B00003C060300FFFFFFFF0000404066DBFFFF02001F0000000300
353,0x0000FCD2,防人,防人,Sentry,0,class1:ordinary;class2:ordinary,2.0,0x40000000,0xFFFF,0x0000,0x1F,1;2;3;4;5,0,0,0,661B0000D2FC0000FFFFFFFF00000040E774FFFF00001F0000000000
354,0x00043182,防人,防人,Sentry,0,class1:ordinary;class2:ordinary,3.0,0x40400000,0xFFFF,0x0000,0x1F,1;2;3;4;5,0,0,0,6F1B000082310400FFFFFFFF000040408C7AFFFF00001F0000000000
355,0x00069D5B,以津真天,以津真天,Itsumade,1,class1:ordinary;class2:ordinary,3.0,0x40400000,0xFFFF,0x0006,0x1F,1;2;3;4;5,0,0,0,7F1B00005B9D0600FFFFFFFF00004040003EFFFF06001F0000000100
356,0x000EE98E,子泣爷爷,子泣き爺,Konaki-Jiji,1,class1:ordinary;class2:ordinary,3.0,0x40400000,0xFFFF,0x0000,0x1F,1;2;3;4;5,0,0,0,881B00008EE90E00FFFFFFFF00004040D955FFFF00001F0000000100
357,0x000D2B55,山姥,山姥,Yamanba,1,class1:ordinary;class2:ordinary,1.5,0x3FC00000,0xFFFF,0x0000,0x1F,1;2;3;4;5,0,0,0,941B0000552B0D00FFFFFFFF0000C03F2573FFFF00001F0000000100
358,0x0001C4B5,猥裸,わいら,Waira,1,class1:ordinary;class2:ordinary,3.0,0x40400000,0xFFFF,0x0000,0x1F,1;2;3;4;5,0,0,0,9C1B0000B5C40100FFFFFFFF000040407C79FFFF00001F0000000100
359,0x0006C300,古笼火,古籠火,Koroka,1,class1:ordinary;class2:ordinary,1.5,0x3FC00000,0xFFFF,0x0000,0x1F,1;2;3;4;5,0,0,0,A21B000000C30600FFFFFFFF0000C03F0445FFFF00001F0000000100
360,0x00068CA6,姑获鸟,姑獲鳥,Ubume,1,class1:ordinary;class2:ordinary,2.0,0x40000000,0xFFFF,0x0000,0x1F,1;2;3;4;5,0,0,0,AA1B0000A68C0600FFFFFFFF00000040A5A9FFFF00001F0000000100
361,0x000A1E6C,一反木棉,一反木綿,Flying Bolt,0,class1:ordinary;class2:ordinary,1.5,0x3FC00000,0xFFFF,0x0000,0x1F,1;2;3;4;5,0,0,0,B01B00006C1E0A00FFFFFFFF0000C03F2572FFFF00001F0000000000
362,0x0000665C,油伞妖,唐傘お化け,Karakasa Umbrella,0,class1:ordinary;class2:ordinary,1.5,0x3FC00000,0xFFFF,0x0000,0x1F,1;2;3;4;5,0,0,0,BB1B00005C660000FFFFFFFF0000C03F02EAFFFF00001F0000000000
363,0x0006B55E,油伞妖,唐傘お化け,Karakasa Umbrella,0,class1:ordinary;class2:ordinary,1.5,0x3FC00000,0xFFFF,0x0000,0x1F,1;2;3;4;5,0,0,0,C41B00005EB50600FFFFFFFF0000C03F31CDFFFF00001F0000000000
364,0x0006CAA5,祸津武士,禍ツ武者,Magatsu Warrior,1,class1:ordinary;class2:ordinary,3.0,0x40400000,0xFFFF,0x0000,0x1F,1;2;3;4;5,0,0,0,D11B0000A5CA0600FFFFFFFF000040402C09FFFF00001F0000000100
365,0x00004388,蜘蛛,蜘蛛,Spider,0,class1:ordinary;class2:ordinary,1.0,0x3F800000,0xFFFF,0x0000,0x1F,1;2;3;4;5,0,0,0,DF1B000088430000FFFFFFFF0000803F7642FFFF00001F0000000000
366,0x000BC877,蜘蛛,蜘蛛,Spider,0,class1:ordinary;class2:ordinary,2.0,0x40000000,0xFFFF,0x0000,0x1F,1;2;3;4;5,0,0,0,E81B000077C80B00FFFFFFFF00000040D15DFFFF00001F0000000000
367,0x000810E4,蜘蛛,蜘蛛,Spider,0,class1:ordinary;class2:ordinary,2.0,0x40000000,0xFFFF,0x0000,0x1F,1;2;3;4;5,0,0,0,F11B0000E4100800FFFFFFFF0000004051CDFFFF00001F0000000000
368,0x000DCB98,肉瘤怪,ぬっぺふほふ,Nuppeppo,1,class1:ordinary;class2:ordinary,3.0,0x40400000,0xFFFF,0x0000,0x1F,1;2;3;4;5,0,0,0,FA1B000098CB0D00FFFFFFFF000040401A82FFFF00001F0000000100
369,0x00088F10,夜叉,夜叉,Yasha,1,class1:ordinary;class2:ordinary,3.0,0x40400000,0xFFFF,0x0000,0x1F,1;2;3;4;5,0,0,0,061C0000108F0800FFFFFFFF00004040BACCFFFF00001F0000000100
370,0x000DE7CB,外道兵,外道兵,Aberrant Soldier,0,class1:ordinary;class2:ordinary,1.5,0x3FC00000,0xFFFF,0x0000,0x1F,1;2;3;4;5,0,0,0,0C1C0000CBE70D00FFFFFFFF0000C03F1C58FFFF00001F0000000000
371,0x000C05A4,外道兵,外道兵,Aberrant Soldier,0,class1:ordinary;class2:ordinary,1.5,0x3FC00000,0xFFFF,0x0000,0x1F,1;2;3;4;5,0,0,150,221C0000A4050C00FFFFFFFF0000C03F7086FFFF00001F0000000096
372,0x000BD464,外道兵,外道兵,Aberrant Soldier,0,class1:ordinary;class2:ordinary,1.5,0x3FC00000,0xFFFF,0x0000,0x1F,1;2;3;4;5,0,0,177,3C1C000064D40B00FFFFFFFF0000C03FF301FFFF00001F00000000B1
373,0x000F3526,外道兵,外道兵,Aberrant Soldier,2,class1:ordinary;class2:ordinary,1.5,0x3FC00000,0xFFFF,0x0000,0x1F,1;2;3;4;5,0,0,0,501C000026350F00FFFFFFFF0000C03F5001FFFF00001F0000000200
374,0x000E0650,外道兵,外道兵,Aberrant Soldier,2,class1:ordinary;class2:ordinary,1.5,0x3FC00000,0xFFFF,0x0000,0x1F,1;2;3;4;5,0,0,150,6D1C000050060E00FFFFFFFF0000C03FA72CFFFF00001F0000000296
375,0x0006AD14,外道兵,外道兵,Aberrant Soldier,2,class1:ordinary;class2:ordinary,1.5,0x3FC00000,0xFFFF,0x0000,0x1F,1;2;3;4;5,0,0,177,8E1C000014AD0600FFFFFFFF0000C03FB85DFFFF00001F00000002B1
376,0x0002C560,外道兵,外道兵,Aberrant Soldier,0,class1:ordinary;class2:ordinary,1.5,0x3FC00000,0xFFFF,0x0000,0x1F,1;2;3;4;5,0,0,0,A91C000060C50200FFFFFFFF0000C03F258BFFFF00001F0000000000
377,0x00068029,外道兵,外道兵,Aberrant Soldier,0,class1:ordinary;class2:ordinary,1.5,0x3FC00000,0xFFFF,0x0000,0x1F,1;2;3;4;5,0,0,150,BD1C000029800600FFFFFFFF0000C03F849DFFFF00001F0000000096
378,0x000087F5,外道兵,外道兵,Aberrant Soldier,0,class1:ordinary;class2:ordinary,1.5,0x3FC00000,0xFFFF,0x0000,0x1F,1;2;3;4;5,0,0,177,D51C0000F5870000FFFFFFFF0000C03F0C52FFFF00001F00000000B1
379,0x0004A640,外道兵,外道兵,Aberrant Soldier,2,class1:ordinary;class2:ordinary,1.5,0x3FC00000,0xFFFF,0x0000,0x1F,1;2;3;4;5,0,0,0,E71C000040A60400FFFFFFFF0000C03FABCCFFFF00001F0000000200
380,0x0005410A,外道兵,外道兵,Aberrant Soldier,2,class1:ordinary;class2:ordinary,1.5,0x3FC00000,0xFFFF,0x0000,0x1F,1;2;3;4;5,0,0,150,021D00000A410500FFFFFFFF0000C03F23CDFFFF00001F0000000296
381,0x00054F6F,外道兵,外道兵,Aberrant Soldier,2,class1:ordinary;class2:ordinary,1.5,0x3FC00000,0xFFFF,0x0000,0x1F,1;2;3;4;5,0,0,177,211D00006F4F0500FFFFFFFF0000C03F1078FFFF00001F00000002B1
382,0x000AE8E8,外道兵,外道兵,Aberrant Soldier,0,class1:ordinary;class2:ordinary,1.5,0x3FC00000,0xFFFF,0x0000,0x1F,1;2;3;4;5,0,0,0,3A1D0000E8E80A00FFFFFFFF0000C03F4A24FFFF00001F0000000000
383,0x0002DF3B,外道兵,外道兵,Aberrant Soldier,0,class1:ordinary;class2:ordinary,1.5,0x3FC00000,0xFFFF,0x0000,0x1F,1;2;3;4;5,0,0,150,4E1D00003BDF0200FFFFFFFF0000C03F95F3FFFF00001F0000000096
384,0x000D61F1,外道兵,外道兵,Aberrant Soldier,0,class1:ordinary;class2:ordinary,1.5,0x3FC00000,0xFFFF,0x0000,0x1F,1;2;3;4;5,0,0,177,661D0000F1610D00FFFFFFFF0000C03F75A5FFFF00001F00000000B1
385,0x0007BD90,外道兵,外道兵,Aberrant Soldier,2,class1:ordinary;class2:ordinary,1.5,0x3FC00000,0xFFFF,0x0000,0x1F,1;2;3;4;5,0,0,0,781D000090BD0700FFFFFFFF0000C03F1FF2FFFF00001F0000000200
386,0x0002E19A,外道兵,外道兵,Aberrant Soldier,2,class1:ordinary;class2:ordinary,1.5,0x3FC00000,0xFFFF,0x0000,0x1F,1;2;3;4;5,0,0,150,931D00009AE10200FFFFFFFF0000C03F41C4FFFF00001F0000000296
387,0x0004A551,外道兵,外道兵,Aberrant Soldier,2,class1:ordinary;class2:ordinary,1.5,0x3FC00000,0xFFFF,0x0000,0x1F,1;2;3;4;5,0,0,177,B21D000051A50400FFFFFFFF0000C03F0B8FFFFF00001F00000002B1
388,0x00017C7B,铁鼠,鉄鼠,Tesso,2,class1:ordinary;class2:ordinary,3.0,0x40400000,0xFFFF,0x0000,0x1F,1;2;3;4;5,0,0,0,CB1D00007B7C0100FFFFFFFF000040408660FFFF00001F0000000200
389,0x00071ED1,武田信玄,武田信玄,Takeda Shingen,5,class0:role5;class1:highest-only,4.0,0x40800000,0xFFFF,0x0004,0x1F,1;2;3;4;5,12,0,0,D11D0000D11E0700E4F8142100008040F4D6FFFF04001F010C000500
390,0x0004B03B,山县昌景,山県昌景,Yamagata Masakage,5,class0:role5;class1:highest-only,4.0,0x40800000,0xFFFF,0x0004,0x1F,1;2;3;4;5,13,0,0,D91D00003BB004008A4754E200008040315FFFFF04001F010D000500
391,0x000B0DAA,梶原景时,梶原景時,Kajiwara Kagetoki,5,class0:role5;class1:highest-only,4.0,0x40800000,0xBA58,0x0004,0x1F,1;2;3;4;5,0,0,0,E21D0000AA0D0B0083216D0F00008040EE1558BA04001F0100000500
392,0x000BE2C7,高杉晋作,高杉晋作,Takasugi Shinsaku,5,class0:role5;class1:highest-only,4.0,0x40800000,0x4760,0x0004,0x1F,1;2;3;4;5,0,0,0,EB1D0000C7E20B00488DD128000080408C3A604704001F0100000500
393,0x000D9195,冲田总司,沖田総司,Okita Soji,5,class0:role5;class1:highest-only,4.0,0x40800000,0xFFFF,0x0004,0x1F,1;2;3;4;5,0,0,0,F41D000095910D008436ABCF00008040B1F7FFFF04001F0100000500
394,0x000F1A7F,德川国松,徳川国松,Tokugawa Kunimatsu,5,class0:role5;class1:highest-only,4.0,0x40800000,0xAC1D,0x0004,0x1F,1;2;3;4;5,0,0,0,FA1D00007F1A0F00C745E36C0000804041C51DAC04001F0100000500
395,0x000B605B,比留呼,比留呼,Hiruko,5,class0:role5;class1:highest-only,4.0,0x40800000,0xFFFF,0x0004,0x1F,1;2;3;4;5,15,0,0,041E00005B600B00AFF6D39F0000804080DEFFFF04001F010F000500
396,0x00064B4D,柳生十兵卫,柳生十兵衛,Yagyu Jubei,5,class0:role5;class1:highest-only,4.0,0x40800000,0x628D,0x0004,0x1F,1;2;3;4;5,0,0,0,111E00004D4B06008A4754E200008040BD618D6204001F0100000500
397,0x000C9D7F,风魔小太郎,風魔小太郎,Fuma Kotaro,4,class0:role4,4.0,0x40800000,0x7DBF,0x0001,0x1F,1;2;3;4;5,0,0,0,161E00007F9D0C00CAC2796B00008040B68DBF7D01001F0000000400
398,0x0007D28D,伊东一刀斋,伊東一刀斎,Ito Ittosai,4,class0:role4,4.0,0x40800000,0xFFFF,0x0001,0x1F,1;2;3;4;5,0,0,0,1D1E00008DD20700CAC2796B000080402A74FFFF01001F0000000400
399,0x0004E7C0,杉谷善住坊,杉谷善住坊,Sugitani Zenjubo,4,class0:role4,4.0,0x40800000,0xFFFF,0x0001,0x1F,1;2;3;4;5,0,0,0,281E0000C0E70400CAC2796B00008040E1ADFFFF01001F0000000400
400,0x00030852,太原雪斋,太原雪斎,Taigen Sessai,4,class0:role4,4.0,0x40800000,0xFFFF,0x0000,0x1F,1;2;3;4;5,0,0,0,301E000052080300CAC2796B00008040FC96FFFF00001F0000000400
401,0x000519EE,石川五右卫门,石川五右衛門,Ishikawa Goemon,4,class0:role4,4.0,0x40800000,0xFFFF,0x0000,0x1F,1;2;3;4;5,0,0,0,401E0000EE190500CAC2796B00008040A64CFFFF00001F0000000400
402,0x000A797A,泽村保佑,沢村保祐,Sawamura Yasusuke,4,class0:role4,4.0,0x40800000,0xFFFF,0x0001,0x1F,1;2;3;4;5,0,0,0,501E00007A790A00CAC2796B00008040E868FFFF01001F0000000400
403,0x000801A9,高岛秋帆,高島秋帆,Takashima Shuhan,4,class0:role4,4.0,0x40800000,0xFFFF,0x0000,0x1F,1;2;3;4;5,0,0,0,591E0000A9010800CAC2796B0000804038DEFFFF00001F0000000400
404,0x000EC041,肉户景俊,宍戸景俊,Shishido Kagetoshi,4,class0:role4,4.0,0x40800000,0xFFFF,0x0000,0x1F,1;2;3;4;5,0,0,0,691E000041C00E00CAC2796B0000804082ECFFFF00001F0000000400
405,0x0008F3DB,巴御前,巴御前,Tomoe Gozen,4,class0:role4,4.0,0x40800000,0xFFFF,0x0001,0x1F,1;2;3;4;5,0,0,0,791E0000DBF30800CAC2796B000080401BDBFFFF01001F0000000400
406,0x0008A628,斩鬼武士,鬼斬りの武者,Demon Slayer,4,class0:role4,4.0,0x40800000,0xFFFF,0x0000,0x1F,1;2;3;4;5,0,0,0,7F1E000028A60800CAC2796B0000804019FCFFFF00001F0000000400
407,0x000C36C2,亲鸾,親鸞,Shinran,4,class0:role4,4.0,0x40800000,0xFFFF,0x0001,0x1F,1;2;3;4;5,0,0,0,8E1E0000C2360C00CAC2796B0000804031A4FFFF01001F0000000400
408,0x00039B5F,那须与一,那須与一,Nasu no Yoichi,4,class0:role4,4.0,0x40800000,0xFFFF,0x0001,0x1F,1;2;3;4;5,0,0,0,961E00005F9B0300CAC2796B00008040EB94FFFF01001F0000000400
409,0x000E80BD,高桥泥舟,高橋泥舟,Takahashi Deishu,4,class0:role4,4.0,0x40800000,0xFFFF,0x0001,0x1F,1;2;3;4;5,0,0,0,9D1E0000BD800E00CAC2796B000080408C6DFFFF01001F0000000400
410,0x000EFF45,穴山信君,穴山信君,Anayama Nobutada,4,class0:role4,4.0,0x40800000,0xFFFF,0x0001,0x1F,1;2;3;4;5,0,0,0,A41E000045FF0E00A45A794F00008040F39EFFFF01001F0000000400
411,0x000431DA,高坂昌信,高坂昌信,Kosaka Masanobu,4,class0:role4,4.0,0x40800000,0xFFFF,0x0001,0x1F,1;2;3;4;5,0,0,0,AC1E0000DA310400A45A794F000080401DC2FFFF01001F0000000400
412,0x0007A8F3,内藤昌丰,内藤昌豊,Naito Masatoyo,4,class0:role4,4.0,0x40800000,0xFFFF,0x0001,0x1F,1;2;3;4;5,0,0,0,B51E0000F3A80700CAC2796B00008040DF15FFFF01001F0000000400
413,0x0002E4BB,怨嗟武人,怨嗟の武人,Aggrieved Warrior,4,class0:role4,4.0,0x40800000,0xFFFF,0x0000,0x1F,1;2;3;4;5,0,0,0,BE1E0000BBE40200CAC2796B00008040570DFFFF00001F0000000400
414,0x000367F5,土方岁三,土方歳三,Hijikata Toshizo,4,class0:role4,4.0,0x40800000,0xFFFF,0x0000,0x1F,1;2;3;4;5,0,0,0,D01E0000F5670300A45A794F00008040283BFFFF00001F0000000400
415,0x0001F6E5,近藤勇,近藤勇,Kondo Isami,4,class0:role4,4.0,0x40800000,0xFFFF,0x0000,0x1F,1;2;3;4;5,0,0,0,D81E0000E5F601005E07A12600008040B075FFFF00001F0000000400
416,0x000B6202,斋藤一,斎藤一,Saito Hajime,4,class0:role4,4.0,0x40800000,0xFFFF,0x0000,0x1F,1;2;3;4;5,0,0,0,DE1E000002620B00CAC2796B00008040B1D2FFFF00001F0000000400
417,0x00096029,永仓新八,永倉新八,Nagakura Shinpachi,4,class0:role4,4.0,0x40800000,0xFFFF,0x0000,0x1F,1;2;3;4;5,0,0,0,E51E000029600900CAC2796B00008040B529FFFF00001F0000000400
418,0x000BD9D5,柳生宗矩,柳生宗矩,Yagyu Munenori,5,class0:role5;class1:highest-only,4.0,0x40800000,0x441D,0x0004,0x1F,1;2;3;4;5,0,0,0,EF1E0000D5D90B00CAC2796B00008040976E1D4404001F0000000500
419,0x000D35E1,服部半藏,服部半蔵,Hattori Hanzo,5,class0:role5;class1:highest-only,4.0,0x40800000,0xFFFF,0x0004,0x1F,1;2;3;4;5,0,0,0,001F0000E1350D00CAC2796B000080405C5AFFFF04001F0000000500
420,0x000A3F52,斋藤福,斎藤福,Saito Fuku,5,class0:role5;class1:highest-only,4.0,0x40800000,0xFFFF,0x0000,0x1F,1;2;3;4;5,0,0,0,111F0000523F0A00A158E230000080405A4EFFFF00001F0000000500
421,0x000F0361,本多忠胜,本多忠勝,Honda Tadakatsu,5,class0:role5;class1:highest-only,4.0,0x40800000,0x2589,0x0000,0x1F,1;2;3;4;5,0,0,0,1F1F000061030F00A45A794F0000804012E3892500001F0000000500
422,0x000202A7,服部半藏,服部半蔵,Hattori Hanzo,5,class0:role5;class1:highest-only,4.0,0x40800000,0x9E6B,0x0000,0x1F,1;2;3;4;5,0,0,0,2F1F0000A7020200C9D03F0200008040B64B6B9E00001F0100000500
423,0x000CED7D,灵窟修验者,霊窟の修験者,Cavern Ascetic,4,class0:role4,4.0,0x40800000,0xFFFF,0x0001,0x1F,1;2;3;4;5,0,0,0,3E1F00007DED0C00CAC2796B000080405DE1FFFF01001F0000000400
424,0x000206C8,田鹤夫人,お田鶴の方,Otazu no Kata,4,class0:role4,4.0,0x40800000,0xFFFF,0x0000,0x1F,1;2;3;4;5,0,0,0,511F0000C8060200CAC2796B00008040E13EFFFF00001F0000000400
425,0x00046364,碓井贞光,碓井貞光,Usui Sadamitsu,4,class0:role4,4.0,0x40800000,0xFFFF,0x0000,0x1F,1;2;3;4;5,0,0,0,621F000064630400CAC2796B000080409202FFFF00001F0000000400
426,0x0000F9CA,金井半兵卫,金井半兵衛,Kanai Hanbei,4,class0:role4,4.0,0x40800000,0xFFFF,0x0001,0x1F,1;2;3;4;5,14,0,0,6C1F0000CAF90000CAC2796B00008040B802FFFF01001F000E000400
427,0x0005D299,丸桥忠弥,丸橋忠弥,Marubashi Chuya,4,class0:role4,4.0,0x40800000,0xFFFF,0x0001,0x1F,1;2;3;4;5,0,0,0,781F000099D20500CAC2796B00008040C5C9FFFF01001F0000000400
428,0x0000EBDF,荒木又右卫门,荒木又右衛門,Araki Mataemon,4,class0:role4,4.0,0x40800000,0xFFFF,0x0000,0x1F,1;2;3;4;5,0,0,0,7E1F0000DFEB0000CAC2796B000080407151FFFF00001F0000000400
429,0x00009553,穴泽盛秀,穴澤盛秀,Anazawa Morihide,4,class0:role4,4.0,0x40800000,0xFFFF,0x0000,0x1F,1;2;3;4;5,0,0,0,921F000053950000CAC2796B000080402C84FFFF00001F0000000400
430,0x00095C9D,山田真龙轩,山田真龍軒,Yamada Shinryuken,4,class0:role4,4.0,0x40800000,0xFFFF,0x0000,0x1F,1;2;3;4;5,0,0,0,A41F00009D5C0900CAC2796B00008040D3C7FFFF00001F0000000400
431,0x00098E97,毛利玄达,毛利玄達,Mori Gentatsu,4,class0:role4,4.0,0x40800000,0xFFFF,0x0000,0x1F,1;2;3;4;5,0,0,0,B81F0000978E0900CAC2796B000080400FDEFFFF00001F0000000400
432,0x0000FD3A,前田光高,前田光高,Maeda Mitsutaka,4,class0:role4,4.0,0x40800000,0xFFFF,0x0001,0x1F,1;2;3;4;5,0,0,0,CA1F00003AFD0000CAC2796B00008040E9B7FFFF01001F0000000400
433,0x000930FE,河原十郎兵卫,河原十郎兵衛,Kawara Jurobei,4,class0:role4,4.0,0x40800000,0xFFFF,0x0001,0x1F,1;2;3;4;5,0,0,0,D41F0000FE300900CAC2796B0000804057A3FFFF01001F0000000400
434,0x000BB2B0,中根正盛,中根正盛,Nakane Masamori,4,class0:role4,4.0,0x40800000,0xFFFF,0x0001,0x1F,1;2;3;4;5,0,0,0,DD1F0000B0B20B00CAC2796B00008040389EFFFF01001F0000000400
435,0x000ED856,传林坊赖庆,伝林坊頼慶,Denrinbo Raikei,4,class0:role4,4.0,0x40800000,0xFFFF,0x0000,0x1F,1;2;3;4;5,0,0,0,EB1F000056D80E00CAC2796B000080406A2DFFFF00001F0000000400
436,0x00076A6F,熊谷直义,熊谷直義,Kumagai Naoyoshi,4,class0:role4,4.0,0x40800000,0xFFFF,0x0001,0x1F,1;2;3;4;5,0,0,0,FB1F00006F6A0700CAC2796B000080404C1CFFFF01001F0000000400
437,0x0003C00F,异想的贝伦加莉亚,奇想のベレンゲラ,Berenguela the Whimsical,4,class0:role4,4.0,0x40800000,0xFFFF,0x0001,0x1F,1;2;3;4;5,0,0,0,042000000FC00300A158E230000080404284FFFF01001F0000000400
438,0x000C46FF,绿影剑鬼,緑影の剣鬼,Green Shadow's Blade,4,class0:role4,4.0,0x40800000,0xFFFF,0x0001,0x1F,1;2;3;4;5,0,0,0,15200000FF460C00E7B03B1900008040FFBAFFFF01001F0100000400
439,0x0004CC1C,血烟阿银,血煙お銀,Blood-Spurting Ogin,4,class0:role4,4.0,0x40800000,0xFFFF,0x0001,0x1F,1;2;3;4;5,0,0,0,2B2000001CCC04008436ABCF000080400381FFFF01001F0100000400
440,0x00018A22,千眼方术士,千眼の方術士,All-Seeing Mage,4,class0:role4,4.0,0x40800000,0xFFFF,0x0001,0x1F,1;2;3;4;5,0,0,0,3E200000228A010083216D0F0000804000CDFFFF01001F0100000400
441,0x0003AA61,新选组·服部武雄,新選組・服部武雄,Shinsengumi Member Hattori Takeo,4,class0:role4,4.0,0x40800000,0xFFFF,0x0001,0x1F,1;2;3;4;5,0,0,0,5520000061AA030083E97A4B00008040BD58FFFF01001F0100000400
442,0x000E7450,蛇骨婆,蛇骨婆,Jakotsu-baba,5,class0:role5;class1:highest-only,4.0,0x40800000,0xFFFF,0x0006,0x1F,1;2;3;4;5,0,0,0,6B20000050740E00EAD25BC1000080400C6DFFFF06001F0100000500
443,0x00075E4F,马场信春,馬場信春,Baba Nobuharu,5,class0:role5;class1:highest-only,4.0,0x40800000,0xFFFF,0x0006,0x1F,1;2;3;4;5,0,0,0,752000004F5E070064CBEA4600008040D30FFFFF06001F0100000500
444,0x00092063,山县昌景,山県昌景,Yamagata Masakage,5,class0:role5;class1:highest-only,4.0,0x40800000,0xFFFF,0x0006,0x1F,1;2;3;4;5,13,0,0,7E200000632009008A4754E2000080404CD8FFFF06001F010D000500
445,0x0000A5D2,武田信玄,武田信玄,Takeda Shingen,5,class0:role5;class1:highest-only,4.0,0x40800000,0xFFFF,0x0006,0x1F,1;2;3;4;5,12,0,0,89200000D2A5000015CAB6F90000804081DBFFFF06001F010C000500
446,0x00041DB6,大天狗,大天狗,Great Tengu,5,class0:role5;class1:highest-only,4.0,0x40800000,0xFFFF,0x0006,0x1F,1;2;3;4;5,0,0,0,93200000B61D0400BE0C1C7D000080407D56FFFF06001F0100000500
447,0x00003EE6,源赖朝,源頼朝,Minamoto no Yoritomo,5,class0:role5;class1:highest-only,4.0,0x40800000,0xFFFF,0x0006,0x1F,1;2;3;4;5,0,0,0,9A200000E63E00002A1EA02B00008040E0B7FFFF06001F0100000500
448,0x0005AAF9,惧鬼,おとろし,Otoroshi,5,class0:role5;class1:highest-only,4.0,0x40800000,0xFFFF,0x0006,0x1F,1;2;3;4;5,0,0,0,A3200000F9AA0500EAD25BC100008040AA7BFFFF06001F0100000500
449,0x000DA5FE,茨木童子,茨木童子,Ibaraki Doji,5,class0:role5;class1:highest-only,4.0,0x40800000,0xFFFF,0x0006,0x1F,1;2;3;4;5,0,0,0,AC200000FEA50D00829C4AC700008040DAB3FFFF06001F0100000500
450,0x0005FEA7,涂佛,塗仏,Nuribotoke,5,class0:role5;class1:highest-only,4.0,0x40800000,0xFFFF,0x0006,0x1F,1;2;3;4;5,0,0,0,BA200000A7FE0500EAD25BC100008040E98AFFFF06001F0100000500
451,0x00041A50,德川庆喜,徳川慶喜,Tokugawa Yoshinobu,5,class0:role5;class1:highest-only,4.0,0x40800000,0xFFFF,0x0006,0x1F,1;2;3;4;5,0,0,0,C5200000501A0400F0F4E6B2000080406B2FFFFF06001F0100000500
452,0x0004ACDF,比留呼,比留呼,Hiruko,5,class0:role5;class1:highest-only,4.0,0x40800000,0xFFFF,0x0006,0x1F,1;2;3;4;5,15,0,0,CF200000DFAC0400AFF6D39F0000804092FAFFFF06001F010F000500
453,0x00093F79,比留呼,比留呼,Hiruko,5,class0:role5;class1:highest-only,4.0,0x40800000,0xFFFF,0x0006,0x1F,1;2;3;4;5,15,0,0,D6200000793F0900673051D600008040584EFFFF06001F010F000500
454,0x000C5F3E,傲岸鬼,傲岸鬼,Demon of Pride,5,class0:role5;class1:highest-only,4.0,0x40800000,0xFFFF,0x0006,0x1F,1;2;3;4;5,0,0,0,DF2000003E5F0C00A73360DB00008040FCA7FFFF06001F0100000500
455,0x000BB028,冒疾鬼,冒疾鬼,Demon of Envy,5,class0:role5;class1:highest-only,4.0,0x40800000,0xFFFF,0x0006,0x1F,1;2;3;4;5,0,0,0,E720000028B00B00A73360DB0000804018DBFFFF06001F0100000500
456,0x0007C995,执心鬼,執心鬼,Demon of Obsession,5,class0:role5;class1:highest-only,4.0,0x40800000,0xFFFF,0x0006,0x1F,1;2;3;4;5,0,0,0,F220000095C90700A73360DB0000804019CBFFFF06001F0100000500
457,0x000A0477,草薙,草薙,Kusanagi,5,class0:role5;class1:highest-only,4.0,0x40800000,0xFFFF,0x0006,0x1F,1;2;3;4;5,0,0,0,FC20000077040A000744F294000080400DD9FFFF06001F0100000500
458,0x00068AF1,由井正雪,由井正雪,Yui Shosetsu,5,class0:role5;class1:highest-only,4.0,0x40800000,0xFFFF,0x0006,0x1C,3;4;5,0,0,0,05210000F18A0600B319314B0000804069ADFFFF06001C0100000500
459,0x000179F7,金井半兵卫,金井半兵衛,Kanai Hanbei,5,class0:role5;class1:highest-only,4.0,0x40800000,0xFFFF,0x0006,0x1F,1;2;3;4;5,14,0,0,0E210000F7790100A9DB6AE400008040DB89FFFF06001F010E000500
460,0x000782F6,马头鬼,馬頭鬼,Mezuki,5,class0:role5;class1:highest-only,4.0,0x40800000,0xFFFF,0x0006,0x1F,1;2;3;4;5,0,0,0,14210000F6820700AB75CBEC00008040962CFFFF06001F0100000500
461,0x000A263C,牛头鬼,牛頭鬼,Gozuki,5,class0:role5;class1:highest-only,4.0,0x40800000,0xFFFF,0x0006,0x1F,1;2;3;4;5,0,0,0,1D2100003C260A00AB75CBEC00008040D72BFFFF06001F0100000500
462,0x000C76B4,镰鼬,鎌鼬,Kamaitachi,5,class0:role5;class1:highest-only,4.0,0x40800000,0xFFFF,0x0006,0x1F,1;2;3;4;5,0,0,0,24210000B4760C00ACC2FB7000008040BBA8FFFF06001F0100000500
463,0x000147F1,飞缘魔,飛縁魔,Hino-enma,5,class0:role5;class1:highest-only,4.0,0x40800000,0xFFFF,0x0006,0x1F,1;2;3;4;5,0,0,0,2F210000F14701008A39A6CB000080408F39FFFF06001F0100000500
464,0x000774DF,烟烟罗,煙々羅,Enenra,5,class0:role5;class1:highest-only,4.0,0x40800000,0xFFFF,0x0006,0x1F,1;2;3;4;5,0,0,0,38210000DF740700A9DB6AE400008040AC1FFFFF06001F0100000500
465,0x0006E1BC,两面宿傩,両面宿儺,Ryomen Sukuna,5,class0:role5;class1:highest-only,4.0,0x40800000,0xFFFF,0x0006,0x1F,1;2;3;4;5,0,0,0,3F210000BCE10600EEC874D500008040FAE6FFFF06001F0100000500
466,0x00017AD0,女郎蜘蛛,女郎蜘蛛,Joro-gumo,5,class0:role5;class1:highest-only,4.0,0x40800000,0xFFFF,0x0006,0x1F,1;2;3;4;5,0,0,0,4D210000D07A01008A39A6CB00008040FFB2FFFF06001F0100000500
467,0x000CA888,火车,火車,Kasha,5,class0:role5;class1:highest-only,4.0,0x40800000,0xFFFF,0x0006,0x1F,1;2;3;4;5,0,0,0,5521000088A80C00829C4AC7000080408BDBFFFF06001F0100000500
468,0x000C327F,阴摩罗鬼,陰摩羅鬼,Onmoraki,5,class0:role5;class1:highest-only,4.0,0x40800000,0xFFFF,0x0006,0x1F,1;2;3;4;5,0,0,0,5B2100007F320C00EEC874D50000804039D2FFFF06001F0100000500
469,0x00040A3B,怨灵鬼,怨霊鬼,Onryoki,5,class0:role5;class1:highest-only,4.0,0x40800000,0xFFFF,0x0006,0x1F,1;2;3;4;5,0,0,0,642100003B0A0400EEC874D500008040442AFFFF06001F0100000500
470,0x00033773,大蛤蟆,大蝦蟇,Giant Toad,5,class0:role5;class1:highest-only,4.0,0x40800000,0xFFFF,0x0006,0x1F,1;2;3;4;5,0,0,0,6C210000733703008A39A6CB00008040E84AFFFF06001F0100000500
471,0x00046F7D,河童,河童,Kappa,0,class1:ordinary;class2:ordinary,1.5,0x3FC00000,0xFFFF,0x0000,0x1F,1;2;3;4;5,0,1,0,712100007D6F0400FFFFFFFF0000C03FDBCDFFFF00001F0000010000
472,0x0002F535,河童,河童,Kappa,1,class1:ordinary;class2:ordinary,1.5,0x3FC00000,0xFFFF,0x0000,0x1F,1;2;3;4;5,0,1,0,8021000035F50200FFFFFFFF0000C03F9330FFFF00001F0000010100
473,0x00027DBB,赤河童,赤河童,Red Kappa,0,class1:ordinary;class2:ordinary,1.5,0x3FC00000,0xFFFF,0x0000,0x1F,1;2;3;4;5,0,1,0,93210000BB7D0200FFFFFFFF0000C03F3B35FFFF00001F0000010000
474,0x0006314C,赤河童,赤河童,Red Kappa,1,class1:ordinary;class2:ordinary,1.5,0x3FC00000,0xFFFF,0x0000,0x1F,1;2;3;4;5,0,1,0,9D2100004C310600FFFFFFFF0000C03FC993FFFF00001F0000010100
475,0x000D1F46,蛤蟆附身,蝦蟇憑き,Gamatsuki,0,class1:ordinary;class2:ordinary,1.0,0x3F800000,0xFFFF,0x0000,0x1F,1;2;3;4;5,0,0,0,AB210000461F0D00FFFFFFFF0000803FF7F9FFFF00001F0000000000
476,0x00030EDD,炼造武士,錬造武者,Fabricated Warrior,4,class0:role4,4.0,0x40800000,0xFFFF,0x0006,0x1F,1;2;3;4;5,0,0,0,B2210000DD0E0300A9DB6AE400008040A557FFFF06001F0100000400
477,0x000594DC,见越入道,見越し入道,Mikoshi Nyudo,1,class1:ordinary;class2:ordinary,3.0,0x40400000,0xFFFF,0x0006,0x1F,1;2;3;4;5,0,0,0,BC210000DC940500FFFFFFFF00004040AFE9FFFF06001F0000000100
478,0x000BADDA,见越入道,見越し入道,Mikoshi Nyudo,1,class1:ordinary;class2:ordinary,3.0,0x40400000,0xFFFF,0x0006,0x1F,1;2;3;4;5,0,0,0,CB210000DAAD0B00FFFFFFFF00004040DFA0FFFF06001F0000000100
479,0x00091A67,见越入道,見越し入道,Mikoshi Nyudo,1,class1:ordinary;class2:ordinary,3.0,0x40400000,0xFFFF,0x0006,0x1F,1;2;3;4;5,0,0,0,DF210000671A0900FFFFFFFF00004040917EFFFF06001F0000000100
480,0x000545A1,夜行兵,夜行兵,Yagyo Soldier,1,class1:ordinary;class2:ordinary,2.0,0x40000000,0xFFFF,0x0000,0x1F,1;2;3;4;5,0,0,0,F4210000A1450500FFFFFFFF00000040B8C6FFFF00001F0000000100
481,0x00081B05,饿鬼大将,餓鬼大将,Gaki Chief,1,class1:ordinary;class2:ordinary,3.0,0x40400000,0xFFFF,0x0006,0x1F,1;2;3;4;5,0,0,0,FE210000051B0800FFFFFFFF00004040776DFFFF06001F0000000100
482,0x0003D18B,乌鸦天狗,烏天狗,Karasu Tengu,1,class1:ordinary;class2:ordinary,3.0,0x40400000,0xFFFF,0x0002,0x1F,1;2;3;4;5,0,0,0,102200008BD10300FFFFFFFF00004040F823FFFF02001F0000000100
483,0x000D1662,独脚踏鞴,一本だたら,Ippon-Datara,1,class1:ordinary;class2:ordinary,3.0,0x40400000,0xFFFF,0x0002,0x1F,1;2;3;4;5,0,0,0,1D22000062160D00FFFFFFFF00004040F5E6FFFF02001F0000000100
484,0x00031F5A,以津真天,以津真天,Itsumade,1,class1:ordinary;class2:ordinary,3.0,0x40400000,0xFFFF,0x0006,0x1F,1;2;3;4;5,0,0,0,342200005A1F0300FFFFFFFF00004040C812FFFF06001F0000000100
485,0x0008BC34,古笼火,古籠火,Koroka,1,class1:ordinary;class2:ordinary,1.5,0x3FC00000,0xFFFF,0x0000,0x1F,1;2;3;4;5,0,0,0,4422000034BC0800FFFFFFFF0000C03F84B3FFFF00001F0000000100
486,0x00003921,血刀修罗,血刀修羅,Bloodedge Demon,5,class0:role5;class1:highest-only,4.0,0x40800000,0xFFFF,0x0006,0x1F,1;2;3;4;5,0,0,0,5322000021390000A88E3A6000008040083FFFFF06001F0000000500
